StudyInstanceUID,negative_exam_for_pe,indeterminate,has_pe
9a2140b97584,1,0,0
6481d88a5178,1,0,0
9c090798363f,1,0,0
125f1bc6e90a,0,0,1
d55c2dad9fef,1,0,0
5e099fc8169b,0,0,1
78039a232607,1,0,0
b24507087aaf,1,0,0
1f1da4e7991f,1,0,0
da8cb8c2dbb9,0,0,1
bde81b2222f2,0,0,1
0309f8b75f8e,1,0,0
34167ca48cd7,1,0,0
96481e1bd5cc,1,0,0
ec4c0106b3ba,1,0,0
4a6a97537847,1,0,0
59b16400a847,0,0,1
24cc38d43449,1,0,0
e8cb8d4b20e4,1,0,0
d828e426e60a,0,0,1
02b6ceda5da0,1,0,0
155c4d3b834b,0,0,1
4b367425570f,1,0,0
b07d6263c7ff,1,0,0
73864f06e96e,0,0,1
f84376c97ce8,1,0,0
dc354bab4c24,1,0,0
68467eb971ed,1,0,0
15c6ee7f3188,0,0,1
69cb8029ff9c,1,0,0
53295e58e20c,1,0,0
8d7ded0bbe5d,1,0,0
3d0c9e9bd542,1,0,0
f4a9551600ed,1,0,0
1578a61b52b8,0,0,1
400ed03f9a71,1,0,0
b48f00657c7e,1,0,0
185c14f7aa47,1,0,0
15e3e27994ce,1,0,0
6deed9b326f2,0,0,1
0e09926fcad9,1,0,0
03f428020b93,1,0,0
1df56d352a0c,1,0,0
3b2646fa18a0,0,0,1
85cb60c97d07,0,0,1
82e737b8267c,1,0,0
ceeeb9d0b870,1,0,0
00f299f37aa8,1,0,0
d9daa0ccb9ae,1,0,0
873e589bbd4e,0,0,1
5b3a50b351e5,1,0,0
b205181ac5c2,0,0,1
0e41597fa5c7,1,0,0
cdf2ec0591ab,1,0,0
0af326045212,1,0,0
f86d527269ce,1,0,0
73612ef643d8,0,0,1
3f7613ff4263,1,0,0
e27d37090422,0,0,1
528cd6c702e0,1,0,0
3a2fd19a6893,1,0,0
316a18c390d6,1,0,0
459fa0c7bc56,1,0,0
1388b4eadb4a,1,0,0
0301e50fa532,1,0,0
6518cbe177ea,1,0,0
6bd2a20df718,1,0,0
7e209fbfc30a,0,0,1
859a705239d4,0,0,1
28686db13062,1,0,0
905a2991baba,1,0,0
e1ad77310aed,0,0,1
e9c12d0fa3e3,0,0,1
a40ac7805066,0,0,1
06fca4e12c3d,1,0,0
37ea972a0aa1,1,0,0
c5e476a5e5b9,1,0,0
e7a377645bae,0,0,1
bf96b83da3f5,1,0,0
d2d5843a6eff,0,0,1
9e46617609ce,1,0,0
9d32182b18e0,1,0,0
41bdf8d7cffe,0,0,1
9c3dd90a3c2f,1,0,0
ab0dbbe4a0bb,1,0,0
0a5de04981bc,1,0,0
d6da016e4195,1,0,0
7196d4149682,0,0,1
d25bae01fbd8,1,0,0
f73e18ae30d9,1,0,0
185754d077af,1,0,0
6ad821b36eda,0,0,1
cdb48bf32a36,1,0,0
6ba2f7042a86,0,0,1
9602e3c1ec19,1,0,0
201e3d6f73f9,1,0,0
deeec76c5404,1,0,0
c18ca5d62b9e,1,0,0
0c33b218baff,1,0,0
92b29e4d2b95,1,0,0
b705e9045ec5,1,0,0
02c432cf1a0e,0,0,1
3770a92a506d,1,0,0
88068ba3427d,1,0,0
68b5a75dfa79,1,0,0
46e5b16bc421,1,0,0
a84c2373adef,0,0,1
18fb7f9286be,1,0,0
06306c689f9f,0,0,1
8b09dff95c1e,1,0,0
ff600a3fcba0,0,0,1
2703a032a8a4,1,0,0
f8fb1e217f7a,0,0,1
ae1f3dbcaee7,0,0,1
25ffe3683a3b,0,0,1
b39640b9c08f,1,0,0
0003b3d648eb,1,0,0
17acbfec2855,0,0,1
6be2184537bb,1,0,0
a52f0d31d9f5,1,0,0
fd479300ff6f,1,0,0
6fdc209b50b1,0,0,1
3dffab658da4,1,0,0
96f130a50ab2,1,0,0
6577c331c3a7,0,0,1
b6f94efb74a4,1,0,0
aa3b1ca705b0,0,0,1
489b20b205bc,1,0,0
3e7ee3b00f83,0,0,1
4d05ec3af77e,1,0,0
ca756b5cc209,1,0,0
74e559549242,1,0,0
9b8795ce7c5c,0,0,1
99e9afafb7b5,0,0,1
4d0a3638ee22,0,0,1
217ec3d7c272,1,0,0
0e188e9c2b22,1,0,0
963feb5bc6de,0,0,1
59331ab0d7cd,0,0,1
c71b19eea988,1,0,0
d6fbd259b60c,0,0,1
6b94a8269e85,0,0,1
c5561b55bab7,0,0,1
ed1d3ecf6ce5,0,0,1
bbbce66b7d9f,0,0,1
230f581437a6,1,0,0
b63143b1dbab,1,0,0
ca181c93fbe4,1,0,0
ab8f6883104c,1,0,0
1407270a0a2c,0,0,1
9e0694048452,0,0,1
fb37d66fcc92,1,0,0
5030c87aae09,0,0,1
b641e6804bd0,0,0,1
1adcd647fb80,0,0,1
a0b704b071d1,1,0,0
0d282fe7068c,0,0,1
e94f51785a01,1,0,0
88cdbca98f9e,0,0,1
eb2a6b2b21fb,1,0,0
90f44ce9cc9e,1,0,0
9f8d153cb1f1,0,0,1
1211504fccd9,1,0,0
2b4a9eda190a,0,0,1
955ef68c45e1,1,0,0
7403eed181f7,1,0,0
040dd025da7e,0,0,1
ddfad31686c9,1,0,0
c0dd2c010563,1,0,0
2971142e998c,0,0,1
f687f0ce9e50,1,0,0
e527640eb3c8,0,0,1
7f1495a71b02,0,0,1
3e5d5f0ad18e,0,0,1
ea743b61ec89,1,0,0
66a4a43914d0,1,0,0
bd1f8f72ca9b,1,0,0
990e0a364c27,1,0,0
29a90a3c85be,1,0,0
947fa53912f3,0,0,1
244b74e822d9,1,0,0
e25e18e5f2c4,1,0,0
9df0c1269b95,1,0,0
f549328c79ab,1,0,0
08cc7f02d0c5,0,0,1
0c8cad9b346f,1,0,0
0dd51aba14f4,1,0,0
c37e83bf538a,1,0,0
79071261692d,1,0,0
9030f6b6b57e,1,0,0
3c7140f326d9,0,0,1
567135ccdf10,0,0,1
a8614bc66895,0,0,1
251340310050,1,0,0
55a70b9138da,1,0,0
dbfc63b3324f,1,0,0
1bf15379c16b,0,0,1
d6d2bf05f955,1,0,0
45b9ade582bc,0,0,1
12d28ed2f4d6,1,0,0
68251ee06f8d,1,0,0
aa45c0218e44,1,0,0
0ed7379b3363,0,0,1
e36b4dad1882,0,0,1
a5f3fed98e20,1,0,0
7396cd17062c,1,0,0
b4e74a8c57cb,1,0,0
b522b3f2fc5b,1,0,0
2ca61930de9d,1,0,0
ba13358533ad,0,0,1
b0fa099e6e54,1,0,0
913d192a50b5,0,0,1
6b0e9a56045b,1,0,0
b2f289d03c41,0,0,1
4203360dc74d,1,0,0
05446a4a3a9c,0,0,1
01f55b6a18f7,1,0,0
20195f6fe7b3,1,0,0
9aa9f5181eeb,1,0,0
baeed766fb76,1,0,0
70a22345e278,0,0,1
847e5be3c156,1,0,0
402205792806,0,0,1
ffadf3e7559f,1,0,0
780d4ac260be,1,0,0
23782d47b633,1,0,0
09d01b851806,1,0,0
bc7c02b951ff,1,0,0
5597b8fec7d3,1,0,0
05d49e2338de,0,0,1
7a234b6e6eb3,0,0,1
9d601aecf90f,0,0,1
da748c6ea410,0,0,1
12ab13a5c43e,1,0,0
30ea21531a5b,0,0,1
570e36830e58,1,0,0
2cbf1bd608cc,1,0,0
9320d8904644,0,0,1
d7f2472f0935,1,0,0
467c4b6e5319,1,0,0
d1b9ca0b978b,1,0,0
43a64bc2e6c3,1,0,0
acb1310992a3,0,0,1
a0bf6ddd0217,1,0,0
09fbf0152a4e,0,0,1
226ca90fae8a,1,0,0
62ede8feab6e,0,0,1
25b3b3270108,0,0,1
48b746ac7eec,1,0,0
d9b29750158c,1,0,0
5ab02b9dd5ba,0,0,1
6e3042dfd41e,0,0,1
0c52610c202c,1,0,0
5b8288e6c2d9,1,0,0
e4bfc801bda0,1,0,0
f4009202582f,1,0,0
a805919ee2d2,1,0,0
e2e2ffebc6e2,1,0,0
b11e1a413217,1,0,0
b5555aee3ed9,1,0,0
836ff457dfda,0,0,1
8de1ecba8ecc,0,0,1
0c86b8516092,1,0,0
5a36e5174850,0,0,1
300d24e1514b,1,0,0
b894274e15d6,0,0,1
d7336bab2eb2,0,0,1
e1d3de740ece,1,0,0
ee56333c61d7,1,0,0
25496f1e213e,1,0,0
a8951f61797f,1,0,0
582fc56c21b5,1,0,0
bf0ef391bbc5,1,0,0
2988af19b941,0,0,1
5cd4ddb05661,0,0,1
5d257f26a3d8,1,0,0
fa96d7d1765e,1,0,0
5e5ee39edfb9,1,0,0
4da8b602a11b,1,0,0
0b7356b8b30c,1,0,0
831898042c68,0,0,1
4f632056046b,1,0,0
24cb40f1ff8d,1,0,0
45b1d7b8bcea,1,0,0
5207ea64bfae,1,0,0
a31941598f34,1,0,0
01d21d521f2e,1,0,0
f8120dd30796,1,0,0
20cd5ebf2b5d,1,0,0
27ccaa051ada,0,0,1
eb0cff783985,1,0,0
e8a717e40d9f,1,0,0
7648a8fcaeac,1,0,0
86134b482a7a,1,0,0
a481cd480245,1,0,0
d44e45f245e0,1,0,0
40e503b7200a,1,0,0
df803174318a,1,0,0
d7c668e65fb5,1,0,0
1ec7df67e59a,1,0,0
216a69eb3a93,1,0,0
60dffcd36abf,1,0,0
04e0cee267d8,1,0,0
818c14a347e2,1,0,0
e5cfee25a657,0,0,1
321e5fdd007a,1,0,0
79d7f81b8cad,0,0,1
83dfad4f6546,1,0,0
847d813c6c54,1,0,0
187256218b17,1,0,0
19149a203d5b,0,0,1
764580b01f2a,0,0,1
34893d2ad428,1,0,0
bcd797a108b9,1,0,0
81632cd37392,1,0,0
b613c603d6b7,1,0,0
2aabea825334,0,0,1
fc85ddc2f705,0,0,1
9c0a6666e790,1,0,0
896a9ab3e92b,1,0,0
63206b947bd1,0,0,1
3662296f4ef9,1,0,0
b11a626b05e3,0,0,1
acab4b22706f,0,0,1
8d0f2d173d51,1,0,0
8acfce813977,1,0,0
1138a9543413,1,0,0
b30251130f6b,1,0,0
ddfdc9853e16,1,0,0
c16d413a5cf2,0,0,1
3e7c77c1e9d9,1,0,0
5eb6566ea0d3,1,0,0
a18c3d19202f,1,0,0
5dfd8a5e8064,0,0,1
5ccb710ad583,1,0,0
f4225684f702,1,0,0
c5c9674355f3,0,0,1
738d9b7afd02,1,0,0
c4bc2a4e0866,1,0,0
77cad15dee59,0,0,1
d70a2e213836,1,0,0
19b1a92b03d7,1,0,0
5d18f9dd1475,1,0,0
db46ec579912,0,0,1
2b70416c6a0e,1,0,0
7c8cd92e95a1,1,0,0
e4d4b0ee5e04,1,0,0
2fe10802e6ce,0,0,1
83728f4815bc,1,0,0
1f7c0df05f1f,1,0,0
57ff66793c4a,1,0,0
d1bca2138150,1,0,0
0784f6dce269,0,0,1
ac8955b98f36,1,0,0
e537ebf62d0c,1,0,0
180e11cd7a1d,1,0,0
e6e361c8d5de,1,0,0
456839d608bc,1,0,0
fc807717348a,1,0,0
72dbc18b74ab,1,0,0
f1dd9190908d,1,0,0
c8f975cb6fd2,1,0,0
a15460bce77d,1,0,0
36b4f657515a,1,0,0
3b2c03d7a474,1,0,0
410c928b5f92,1,0,0
9b7d04bde829,1,0,0
728cf8765ef0,1,0,0
9fe4c864bbf3,1,0,0
af967d442e51,0,0,1
2151dd8b5893,0,0,1
2c34a9bb7eeb,0,0,1
94b763e790ff,1,0,0
977a1854c0a4,0,0,1
0460d8363304,1,0,0
98a1d00206f3,1,0,0
6897fa9de148,0,0,1
7faf38442276,1,0,0
0371b1de71c7,1,0,0
87481e8f16dc,0,0,1
34bf2a7a2764,1,0,0
b7328b8f3f1b,1,0,0
4a360867f28e,1,0,0
4045ee456b05,1,0,0
1710ff69d7b7,1,0,0
cd0f7d6be318,0,0,1
941992985f49,0,0,1
4affaf00f0e8,1,0,0
306d161a4a2e,1,0,0
632350560867,1,0,0
c29328c36df8,1,0,0
945d99d8682e,0,0,1
617c0cd396a0,1,0,0
7f6f81ec1ebb,1,0,0
b113c5713e50,0,0,1
854ddf06727e,1,0,0
2cf8ed1edee7,1,0,0
2b41fdc67ef0,1,0,0
4dd6c87c3d2e,1,0,0
ffd7ddd69e13,1,0,0
4776d4bdc72d,0,0,1
ffc9074f0679,1,0,0
848ecdaf1c61,1,0,0
e1e12858fa9e,0,0,1
de9bf5ce4c3e,0,0,1
83304b705821,1,0,0
08593ebb71c0,1,0,0
e18a24f3f5b0,1,0,0
430d54882647,0,0,1
b7dd19241d7d,1,0,0
890dba457b95,0,0,1
17a122585738,0,0,1
84264625ee42,0,0,1
105572a04849,1,0,0
272ec0002d3c,1,0,0
71c9ad9e1914,0,0,1
75e8a28a7f89,0,0,1
07c633f7c8c4,0,0,1
85632bfb0291,0,0,1
1f527838137b,0,0,1
0f3b4b4756f3,1,0,0
b2477959c640,1,0,0
6f1eb27ad6ea,0,0,1
5a7a08dbc858,1,0,0
3e436db6f4cd,0,0,1
4b34828774d4,1,0,0
42fec764473a,1,0,0
21c0f03d443c,0,0,1
2ab547d2ca40,0,0,1
25a2e53a688e,1,0,0
d2269cae6e3b,1,0,0
1d76fdc3cd8c,1,0,0
f994d8fc2539,1,0,0
64ea6edf4566,1,0,0
689bc4a73450,0,0,1
668bd329a173,1,0,0
6be6b9432b2b,1,0,0
a510580d2de2,1,0,0
c34429d932b4,0,0,1
4d0e1bc3ea88,1,0,0
098c64ce0118,1,0,0
97aef5e4b416,1,0,0
b68fc1f66131,1,0,0
7e984a69ef2b,0,0,1
bdfc57cef2bd,1,0,0
1b9f6ebfad94,1,0,0
ac892396966c,1,0,0
f847b94d4a9a,0,0,1
01baa1e9a2d6,1,0,0
d4d1cbbb72f9,1,0,0
fd55c2d7fa1f,1,0,0
575d796240b6,1,0,0
f79b54d0c5cb,1,0,0
7880a5e3d7a7,1,0,0
7e05600c4d36,1,0,0
0d21c0274848,1,0,0
5f40d351b640,1,0,0
0da634b45ad6,1,0,0
206cdd57b9f8,1,0,0
0c0674b0c598,1,0,0
7556641188a5,0,0,1
23bc4399c1aa,1,0,0
02aca64c04a9,1,0,0
05ceb37bcb79,1,0,0
70ac0003a1fc,1,0,0
940eff4f2014,1,0,0
3902401eb075,0,0,1
4ab804fb3514,1,0,0
14e8623ffdf3,1,0,0
d0d3425c11f3,0,0,1
37daf8a94b35,1,0,0
b0b3d9142997,1,0,0
af7452ee61b5,1,0,0
12e2e6140a19,1,0,0
e013c2320f75,1,0,0
db528a499463,1,0,0
cfaa951ac723,1,0,0
f774840ca454,1,0,0
67074ae2ef97,0,0,1
56f495e09e36,1,0,0
d08d80de368e,0,0,1
0ac55216ba51,1,0,0
93b343e2d784,1,0,0
c8216be82491,1,0,0
cc2b71c37954,0,0,1
cfa74f2732c0,0,0,1
b22384c97698,1,0,0
cddfad137a30,1,0,0
093e2300daa5,0,0,1
fae4d7048fcd,0,0,1
44690b1a18e7,0,0,1
9a08fd13fc94,1,0,0
fab8d3776b16,1,0,0
ff89a7c1916b,0,0,1
a266e9f5a5b0,1,0,0
46fc10ddf8ef,0,0,1
2936501e0e5a,1,0,0
bb579184729d,0,0,1
21453fed7a59,1,0,0
e9068db4d0c6,1,0,0
943eecab20ec,1,0,0
31570c38538b,1,0,0
4e071da9895f,1,0,0
f12ad6b16550,1,0,0
0fa23f3d7950,1,0,0
a3851083e4bb,1,0,0
cd5aa4f6db95,0,0,1
568cfa4904cd,1,0,0
e01688367856,1,0,0
4d31460929fb,0,0,1
d908aa2b24f3,1,0,0
0c2175514f2b,1,0,0
2c469453d0bb,1,0,0
a7a3ced14709,1,0,0
433c529405a6,0,0,1
e33c468ef4b4,1,0,0
4eb5b6f0e831,1,0,0
292d1d1c0ba0,1,0,0
780f918849a2,1,0,0
8841d5c911f5,1,0,0
144ccdcc6cc2,1,0,0
4d0395e609bd,0,0,1
93e2b3320386,1,0,0
45e827bb65e4,1,0,0
4e3ce011704f,1,0,0
891fa31d1088,0,0,1
fffda3f22362,1,0,0
c49f2a34cbe9,0,0,1
a355fae861cf,1,0,0
db4b5415f33f,1,0,0
acd3c2d4f3c6,1,0,0
5c9439191dab,1,0,0
6d308a41f87e,1,0,0
f6bcd324b462,1,0,0
0bc9df66d839,0,0,1
ca710674e440,1,0,0
7c156fac2448,0,0,1
ebcb7905b2d0,0,0,1
76ccb944ff80,1,0,0
68816495fdc9,1,0,0
bcc2c21befaa,0,0,1
93d12976ac62,1,0,0
1bc89370c743,1,0,0
bfe2c4844477,1,0,0
4715d03539f9,0,0,1
6e45ea074094,1,0,0
1a91153a3792,0,0,1
cc5d7b5ffe5f,0,0,1
d4f5a34eaffb,1,0,0
5054f4b1e1cc,1,0,0
9eb3957fea06,1,0,0
c9f792cf2fd1,1,0,0
2634d8a9b684,1,0,0
8992b5a19c64,1,0,0
0ebb282175d4,1,0,0
d1a9ef0c6496,1,0,0
305c70eda910,0,0,1
1010a719f9f9,0,0,1
1b9b3d99380f,1,0,0
2ddab71d0431,1,0,0
f4e34af71f0d,1,0,0
b75979bf64d8,1,0,0
abe3e25c27a6,0,0,1
46974b527505,1,0,0
1f169031216e,1,0,0
a40343fa08ef,1,0,0
88c5b873f66c,1,0,0
36480329e23b,1,0,0
6b36f6ae67bd,1,0,0
cd31ff0cef09,1,0,0
37b96937193b,1,0,0
008626c99017,1,0,0
f5de25673393,1,0,0
660d3da6df87,1,0,0
bcbebd373d13,1,0,0
201bb6e121a6,1,0,0
35d6d265f9d0,0,0,1
431ba7004f08,1,0,0
5b060419d64d,1,0,0
0e2bb97ad2e5,1,0,0
14f05224599d,1,0,0
10485d76c805,1,0,0
e81b9160a78e,0,0,1
f545d14f7582,1,0,0
06755d30ab5e,0,0,1
8617e3568481,1,0,0
da02995a0d1e,1,0,0
87c414cab43a,1,0,0
361b28d0343d,1,0,0
9f79bf4f3f57,0,0,1
ed616114970e,0,0,1
f54acbe46bf0,1,0,0
dad64f42b34d,1,0,0
76d49a9871dc,1,0,0
749b978a9b89,1,0,0
0706aaa554bd,1,0,0
b0ad2944784a,1,0,0
3015c4ea71a6,1,0,0
95c161577773,1,0,0
7101c10aab51,0,0,1
34102de8be71,1,0,0
3860c608cda6,0,0,1
100528918324,0,0,1
90677f18548e,1,0,0
53a12f1c6f42,1,0,0
84b4922a8927,0,0,1
3ff097ad6e31,0,0,1
92fa712de4d0,1,0,0
f1f78e1982d7,1,0,0
bc6ff1c5061b,1,0,0
ef2e8b8c5d00,0,0,1
2462761dc7f5,0,0,1
e07656912a07,1,0,0
5b5fb099aaa5,1,0,0
6bd3d7e2563d,0,0,1
fa7dfaf919c0,1,0,0
857838bc4fcc,0,0,1
66457472e7b5,1,0,0
0ef00db154fc,1,0,0
00c73e5a4e16,0,0,1
fd706a40d8ad,1,0,0
207c2cdf9547,1,0,0
8f9c50b17d2f,0,0,1
978ce0c60432,0,0,1
dfce092b6ae5,1,0,0
c4cc60d3b4a3,1,0,0
338f2ea19017,1,0,0
6c73d3bd6ca1,1,0,0
8af38efbb7a8,0,0,1
27833df35801,0,0,1
300bcadfa4fc,1,0,0
e5ea0c8c311c,0,0,1
df423ba67259,1,0,0
c8aeafba5334,0,0,1
e00ac611f14b,1,0,0
283423bf8952,1,0,0
ef167f489b19,1,0,0
2d0e427bf367,1,0,0
e7a3a1537ff7,0,0,1
5bcdc3b4de29,1,0,0
a5ad89a78764,0,0,1
7acb7553f2f7,0,0,1
85e4abeda1b7,1,0,0
dbbd10592d9d,0,0,1
4f62482300e7,1,0,0
5473d2ce44f3,1,0,0
f8ed4dd37b48,0,0,1
1b240809f9a0,1,0,0
3bcbd89be26a,1,0,0
97fbfba10324,1,0,0
881175d3c694,0,0,1
12fa7859eb92,1,0,0
ec36deb204d3,0,0,1
dfed8a63763d,1,0,0
e9067c57ad4e,1,0,0
cafaf4349e00,0,0,1
55cbe2c1804f,1,0,0
cd3758645828,0,0,1
4f9452f1a3cb,0,0,1
ff98e871bdea,0,0,1
43ac1016f81a,1,0,0
e6609b8a3c5b,1,0,0
c56d9fd1b4d7,1,0,0
236b6522b420,0,0,1
240864001c6f,0,0,1
c726dc08b4e0,1,0,0
e347da1374d7,1,0,0
1d4247ff61b9,0,0,1
a1d823aeac69,1,0,0
9d75125f784c,0,0,1
c3b4368de05d,0,0,1
7f446e5ce405,1,0,0
42948aa23fb8,0,0,1
cfa0f546469f,1,0,0
3e04185eb509,1,0,0
d5f0874e05c6,1,0,0
6a990e1a2200,1,0,0
4733a551438b,1,0,0
af60e1e81a00,0,0,1
77f58a8905f6,1,0,0
c82db7d47d1c,1,0,0
c10e408bee50,1,0,0
f5168d79e27f,1,0,0
62c89235c95b,0,0,1
2aaa5a9f8639,1,0,0
b16a7b7b65b3,1,0,0
6aa35881ff87,1,0,0
9697cccda6e9,1,0,0
9667c26dfe06,1,0,0
6ced58054e67,1,0,0
cea3554a6248,0,0,1
d6f46e97c655,1,0,0
724c747348bb,0,0,1
806a6f685ffd,1,0,0
f840391f406a,1,0,0
e337042c520d,0,0,1
b8e98e53befd,0,0,1
ce7b3c57aced,1,0,0
8e324e942e64,1,0,0
6cb300e104e3,1,0,0
217a3ac439d7,1,0,0
92d942eedc48,1,0,0
110eb6da195f,1,0,0
c753f42d2897,1,0,0
0785e1d2dae6,1,0,0
bfdda9865acd,1,0,0
0b7bf037d9b0,1,0,0
1520df47bcca,1,0,0
127a26e98067,1,0,0
da96d3d72022,0,0,1
a83514e21f00,1,0,0
6cc97f077de5,0,0,1
3cc8e9d5c9d1,1,0,0
66215690d70a,1,0,0
ce6d2f4a295f,0,0,1
763ac2bf9145,1,0,0
c6126bdb8a77,1,0,0
50f3a6ecbc04,0,0,1
455c195d280c,0,0,1
60c1e671a529,0,0,1
681ce6e04b61,1,0,0
942af247202b,1,0,0
cce23c4e4dfd,1,0,0
23f9d5216234,1,0,0
6f6227090abf,1,0,0
7987d4ce850c,1,0,0
0b14caeba6ab,1,0,0
a35250cd3ed2,1,0,0
c82830158248,1,0,0
364214492ef5,1,0,0
f4413140912c,1,0,0
a05cb7e896fa,0,0,1
11135b744ff7,1,0,0
f9bc611547fd,1,0,0
5b47dd837b28,1,0,0
f6547bc5bf56,0,0,1
06ec73a6abf3,1,0,0
17c786dc57b8,0,0,1
556029fbb326,0,0,1
e9658c53f159,1,0,0
3ecd68dfc675,1,0,0
7253d6485b0b,1,0,0
13438b17ef38,0,0,1
7b400ca4cbda,0,0,1
f35adec999fc,1,0,0
0e09d48d6650,1,0,0
9759fae8afa6,0,0,1
f3904e63ab7c,1,0,0
93a8421d953d,1,0,0
0ca00e676ae0,1,0,0
fa0d15157ea8,1,0,0
199de90626b9,0,0,1
5c411df30028,1,0,0
8275ee76495c,1,0,0
3d40d7a2cfee,0,0,1
ea930c47a345,1,0,0
358236b62de8,1,0,0
256859025458,1,0,0
b3fa0f2d0bcb,1,0,0
4744e04156f8,1,0,0
7b52a81e1eaa,0,0,1
fc15f24c6ffb,0,0,1
2af16d66cc16,1,0,0
ac16129e9c6d,0,0,1
e5654abd9005,1,0,0
3cae6b4fe93a,0,0,1
cdb9f3044ea0,1,0,0
dfc412b3453a,1,0,0
d9bced33a821,1,0,0
c20e5e5e49da,1,0,0
a34b7dbfdbae,1,0,0
4122a01b14a7,1,0,0
b2c915a37745,1,0,0
7a99854cd6a7,1,0,0
121a96c2009c,1,0,0
44621715ac4a,1,0,0
5e698a8957cf,0,0,1
e71204054f8d,1,0,0
32747ec579f3,1,0,0
1a1644b282d3,0,0,1
14abd7547689,1,0,0
97dbc1be9d41,0,0,1
c059b1811075,1,0,0
3510d8a975e7,0,0,1
66d22aaea6e4,1,0,0
4544fe4c79ce,0,0,1
de584b2d152b,0,0,1
dad6c93ee90d,0,0,1
c7cce50c1475,1,0,0
91106a43f8bc,1,0,0
ac74b31871e1,0,0,1
50151f508482,0,0,1
22c44fba113c,0,0,1
31d45aef2660,0,0,1
7c885a53435f,1,0,0
978aecaf2042,1,0,0
d6167b15226e,1,0,0
69ea1de748fa,0,0,1
ffcf51d622de,1,0,0
d8b07becb7ad,1,0,0
2ae2d5687734,0,0,1
ba4e39986745,1,0,0
892ab1485372,1,0,0
1352330ed2c2,1,0,0
76bfaa203ff0,0,0,1
c7f85118361f,0,0,1
9bc09ed256ef,0,0,1
1ac3e1b2b0ee,1,0,0
59d9a33132ac,1,0,0
0eaf19b7f31d,1,0,0
3176bdd1b28e,1,0,0
b0bcfbd08b6b,1,0,0
b1203d0fd446,1,0,0
7e9bf2316f94,0,0,1
5f669e381a61,0,0,1
f71fb66ca234,0,0,1
b01adfdacb92,1,0,0
03914c059437,1,0,0
d2fce5456a71,1,0,0
43373a993d94,1,0,0
b90d2c7d9413,1,0,0
2bb4fdce19d1,0,0,1
fbb0f9904429,1,0,0
102a108e835a,0,0,1
d59bfe0416d3,1,0,0
924831350e58,1,0,0
b75a7b79552e,0,0,1
7b3184672ce1,1,0,0
68fbe89cff06,1,0,0
599933fd14f0,1,0,0
f4427c04ae34,1,0,0
56a0bdb9891e,1,0,0
4991ee92fe76,1,0,0
57c643f5afb7,1,0,0
390f12370a4a,0,0,1
20e00921a91d,1,0,0
0441b1e12bf7,1,0,0
bd83881fd2c9,1,0,0
d786bd094767,1,0,0
f374a5907536,1,0,0
cd2cbf78dad8,0,0,1
fcdeec32d1dc,1,0,0
da9569922fb3,1,0,0
b0ed58591574,0,0,1
4da1d8f3aaa7,1,0,0
3211441f7da2,0,0,1
d63f5bd3b554,1,0,0
652401bd7a36,1,0,0
af74c9f26da4,1,0,0
56128ed641ef,1,0,0
7f31b6a50f05,0,0,1
85349057e7a3,1,0,0
b3892d296cd1,1,0,0
ae15d591dc99,1,0,0
7699814cfc1f,1,0,0
14c5a5b0f9b2,1,0,0
7bfa7100902c,1,0,0
7f1e8ab8777d,1,0,0
c0b875baa99c,0,0,1
f3715a412c28,0,0,1
e781e3e8fee4,1,0,0
2b36a2a19909,1,0,0
45105cc5c2e3,1,0,0
4f54cd07d3ff,1,0,0
300765bd1e34,1,0,0
d072571bc8be,1,0,0
4271dfae08b6,0,0,1
b3cb6d62a35c,0,0,1
ff5d0530e0be,1,0,0
e71018c0dd19,1,0,0
21c3340d7be2,1,0,0
276aebcb70dc,0,0,1
051b3092bef5,0,0,1
d2a8fdf8dc1b,1,0,0
34863aee8054,1,0,0
287618ad7a40,1,0,0
7dbc65858d3e,1,0,0
ba1b6ce21554,1,0,0
7e6f48548e2e,1,0,0
3509f84451f9,1,0,0
f174ca6382d7,1,0,0
81db257e408f,0,0,1
7897e903ba88,1,0,0
8bd2c9238a49,1,0,0
32be09a1f8ec,0,0,1
d7ef92f0a2b5,1,0,0
7f63908e9197,1,0,0
fb940ab30e26,0,0,1
256d7fb73118,1,0,0
a45a3bbd614e,0,0,1
5dc476acd4b9,1,0,0
d9a2cbe8bae9,0,0,1
5b054eb64bc0,1,0,0
21b41f714a48,1,0,0
92127883f4a6,1,0,0
cfc38a0bc42d,1,0,0
4661cadb8abb,1,0,0
a9d111a25a85,1,0,0
0b9d6b9f6a5a,1,0,0
03c44c8ab448,1,0,0
31630cd893ed,0,0,1
296969b076f1,1,0,0
ee69946de683,1,0,0
02f38ee62467,0,0,1
a17e808a1d15,0,0,1
53cf70433b83,1,0,0
46905ab4a039,1,0,0
544c864c6aa4,1,0,0
02e5b2fff2c0,1,0,0
3a54edf90dba,1,0,0
cc0ac241097e,1,0,0
e08b0e25d483,1,0,0
bd41f769eaf6,1,0,0
6168286cea0d,1,0,0
333494d5edf8,1,0,0
71ed3ae17437,0,0,1
b35ba29c9bb3,1,0,0
dc2431a21352,1,0,0
79c46f6bb0c7,1,0,0
0198019eb647,1,0,0
fd1204f3d02a,0,0,1
0f8aa4494962,0,0,1
f19031676f02,1,0,0
14992f4bbeb6,1,0,0
b57cbd48b782,0,0,1
7d1bbea71a3e,0,0,1
690916e818f9,1,0,0
86710050fcb1,0,0,1
5233a0c01815,0,0,1
b42fb437804c,1,0,0
1b5673793142,1,0,0
7bbf19e07071,1,0,0
aa4e349261e0,1,0,0
8df344162c21,1,0,0
c61be7539d0e,1,0,0
8bc0dc0b9a3b,1,0,0
9da03dbbb649,0,0,1
5dcce1f4ab5c,1,0,0
9eb29bcb7286,1,0,0
703d3ceafa0d,1,0,0
deda0b8c4ea3,1,0,0
15cb7f7c6e33,0,0,1
6fc1c82e6178,0,0,1
4d7a4494d46d,1,0,0
114869602c5d,1,0,0
7943a4150c00,1,0,0
2e131c731d8f,0,0,1
f8e3b8d95d6c,1,0,0
a7181ebb1ff4,0,0,1
71b216beaf96,0,0,1
92f2fcbf5e4b,0,0,1
8df8685d0cc9,0,0,1
1a67bee99c63,0,0,1
e957e06b97e7,1,0,0
679ea0154dd5,1,0,0
1a59a1ce6905,1,0,0
803228d18817,1,0,0
d8610746cbf1,0,0,1
34114543b210,0,0,1
f35ea8a60249,1,0,0
4dc66e775565,1,0,0
7bdfb617d299,1,0,0
3550f18f8395,1,0,0
e4ce75c053a2,1,0,0
f83926491c69,1,0,0
69141e0b4cd9,1,0,0
d18acc42fc27,1,0,0
34609159bf1e,0,0,1
5e7b3e7e9abc,1,0,0
5d5013c5e375,1,0,0
e0640bc2ab3c,0,0,1
a52c8e30abb2,1,0,0
2a2a21e785cf,1,0,0
579fdacb36cd,1,0,0
ff35e143faef,1,0,0
ca5aa079cbd4,1,0,0
ba3577d0d423,1,0,0
c6a09695b02b,0,0,1
b60c2a56bc27,1,0,0
425e2e9d2865,1,0,0
408855843b73,1,0,0
e3da442ea4bb,0,0,1
adaa99ff5faa,1,0,0
40ebfaadb074,0,0,1
b7b846ab1332,1,0,0
d197e5327960,1,0,0
ab9938c70eea,1,0,0
39ed3664c363,1,0,0
4275d5ed1254,1,0,0
ab3694609bd5,1,0,0
eb586eb3188f,1,0,0
08aa3018826b,1,0,0
9b0c36ac7031,1,0,0
c0fc68bcd59d,1,0,0
b4a3a62e72cd,1,0,0
31ed2d31301d,0,0,1
1f131f7cef60,1,0,0
613c0bf1e1a5,1,0,0
5958bf909bb9,1,0,0
5f387c090906,0,0,1
f8e08335995e,1,0,0
2611868a2a8a,1,0,0
58ba2247354a,0,0,1
1882fd49a7dd,1,0,0
19a3f539a714,1,0,0
c80c726844f5,1,0,0
bedd57eff348,1,0,0
4017da7adc80,0,0,1
c9342f0a6f60,0,0,1
161672270c2d,1,0,0
7bd7b1a8b280,1,0,0
ca50c0453d28,0,0,1
16922e5175f2,1,0,0
6919b9d7b982,1,0,0
da0ef5bbed34,1,0,0
8c38ff194152,1,0,0
35917ca607fe,1,0,0
8ffa7426cc49,0,0,1
0f8e755a8c72,0,0,1
89780d8f78d0,1,0,0
642056ab53ee,0,0,1
7badf5d1437f,0,0,1
22ff93e8ed84,1,0,0
ab0effb57616,1,0,0
ddf76aac7392,1,0,0
057ed3ba0fb0,1,0,0
4da50eb17bbf,0,0,1
4f16956f14ec,0,0,1
45740eef8b62,1,0,0
715cba876e1a,1,0,0
ca88db79f6dc,1,0,0
cf1a0ded4871,0,0,1
74b8baa96417,1,0,0
1566fcc86bf1,1,0,0
9fdeabd62337,0,0,1
8351fbb41450,1,0,0
30e616458023,1,0,0
ad0b6280fb8f,1,0,0
4c5a708c0b2c,1,0,0
defdc8f4b473,0,0,1
c699b7e513a8,1,0,0
b11f26c7a5ba,1,0,0
cf9ac3a06e94,1,0,0
43d8d49e12b7,0,0,1
d1a28b54e201,1,0,0
5261e27ad8f7,1,0,0
90af43cf7b92,1,0,0
01539f82909c,0,0,1
977c29299625,0,0,1
6648651ae98b,0,0,1
d98fd85ea542,1,0,0
a4c522188356,0,0,1
9233a407550f,0,0,1
78db4e5797f7,1,0,0
bd06d235018f,1,0,0
c42edeeb6504,0,0,1
7340914d2faf,1,0,0
aea4e094bb0e,1,0,0
1b446daa11de,1,0,0
bf4d43348622,1,0,0
b08f79a849c2,1,0,0
844f9abdd071,1,0,0
19bbf81dfdd8,0,0,1
50e076274601,0,0,1
6ad386213d0a,1,0,0
91b94aac56ce,0,0,1
923aa3a737cc,1,0,0
e03606e264b9,1,0,0
f79742b917a5,1,0,0
84f68e7f2a76,1,0,0
05ca741b1135,0,0,1
af5535be389b,1,0,0
35ba42657e3f,1,0,0
5418818cbd01,1,0,0
09148eb2db32,1,0,0
a07957ac38b1,0,0,1
6074c1c68976,1,0,0
49dc3bc97142,1,0,0
d1ad4438c426,1,0,0
16d1308bae62,0,0,1
1d5f4ffcb140,1,0,0
9d8619d10909,1,0,0
5eb4dc507d64,0,0,1
20f899cb4191,0,0,1
25f0831e7b11,0,0,1
846a02873152,0,0,1
eee47fccedad,0,0,1
dcdd774df300,1,0,0
6a85ec33cd27,1,0,0
6d7b3c3d2cf6,0,0,1
1481013caabc,0,0,1
25c9f4577b2f,1,0,0
a76ba7a0825f,0,0,1
37a9543f187f,0,0,1
ae6661b08632,1,0,0
bce3cff7dd7d,1,0,0
69d673973a4a,0,0,1
e24505c4b33f,1,0,0
b02a386ba67c,1,0,0
584053ef378e,1,0,0
084535453801,1,0,0
aa56aab1c427,1,0,0
c0f91fa171eb,1,0,0
14d973251ec3,1,0,0
f0a9988367d4,0,0,1
c628af95d291,0,0,1
eb60038d2fcc,1,0,0
fbc8ea6cd700,1,0,0
633ff4123b9c,1,0,0
87580a4f5713,1,0,0
b274ce3613b3,1,0,0
1694533a05e5,1,0,0
9ea02d6206e0,0,0,1
732c31688ffe,0,0,1
cf7bec7e23dc,0,0,1
2d3047d85830,1,0,0
a04f318e9972,1,0,0
f3ec5324e980,0,0,1
de38bc1de3d1,0,0,1
785814ac9281,0,0,1
9959702db6e5,0,0,1
45a2a3b6ea64,0,0,1
f131d4ba5cb7,0,0,1
13f4f1a2d540,1,0,0
32b59afe8ea0,1,0,0
562477a0b17d,0,0,1
15054e7397f4,1,0,0
ba6e5d157ef5,0,0,1
164147766170,0,0,1
7f7df27e75d9,1,0,0
9b45f8886d2e,1,0,0
03ff52b9fe61,1,0,0
cc99446b8272,1,0,0
499f69ee7d8b,1,0,0
96b90a7d0625,1,0,0
92fe2e4a5f1b,1,0,0
752d20fcd255,1,0,0
103cc28ba522,1,0,0
26cdf5c03d36,0,0,1
d0ec01db7770,1,0,0
72d6b7dbdd87,1,0,0
7a72a70e8411,1,0,0
d8948442bb87,0,0,1
52ca8adf589f,1,0,0
45384f995c65,1,0,0
86202ce57119,1,0,0
1c8fb9125811,1,0,0
72e37de30190,0,0,1
b1f753d1d987,1,0,0
983e807bcb4f,1,0,0
9a6b28988474,1,0,0
afb900928b98,0,0,1
3d87b898b381,1,0,0
0698de3094f1,0,0,1
9287485c243c,1,0,0
470c06aa5e69,1,0,0
4b2724b6593d,0,0,1
ab6f5aa37b3f,1,0,0
29435386dee4,1,0,0
3377d2d8e2f6,1,0,0
0d495463116c,0,0,1
641329150a06,1,0,0
a9168714331d,0,0,1
4d2ad9c788ac,1,0,0
758da2c64856,1,0,0
c28c2c9a8c33,0,0,1
caf293bf72e4,0,0,1
cd0441e0188a,1,0,0
aac1cdb0ead9,1,0,0
313bfa7ee761,1,0,0
f8474a75c839,1,0,0
0adddb272f22,1,0,0
6caafb14bc0c,1,0,0
be5727e9053d,0,0,1
3b570d2a5969,0,0,1
71de2c0ba21a,1,0,0
86f12c020e98,0,0,1
f3870b67a4f6,1,0,0
017b68b10099,1,0,0
f51515387fc9,1,0,0
0b4f89c5a287,1,0,0
46dd40654ec9,0,0,1
4a9f6cf43918,1,0,0
e13d5a52e9b1,0,0,1
fb728c4e3f8a,0,0,1
228c5fff5f08,1,0,0
fb79bf509484,0,0,1
3df6fe2ec499,1,0,0
4ccac827258d,1,0,0
fd690edd33a4,0,0,1
b169051501d1,1,0,0
175df214c35d,1,0,0
2aec6dbf5277,1,0,0
a577ee8acc1c,1,0,0
7bb1783368d1,1,0,0
16cfacd42a9e,1,0,0
1518ebdfc5e7,1,0,0
37e8a7029c95,1,0,0
1701adacd9fb,1,0,0
c4d00dfcb3b8,1,0,0
3d5cb595eee4,1,0,0
f13bd4ef05f9,0,0,1
69b28bee6ef4,1,0,0
4b0110171dbc,0,0,1
a11e57918884,0,0,1
cad3910e9bd9,1,0,0
77c54123731d,1,0,0
d408552ff1d9,1,0,0
4fae84368598,0,0,1
00d4f4409f0c,1,0,0
4760ffd52998,0,0,1
43024dcf717f,1,0,0
da805a06b41d,1,0,0
27f81893b210,1,0,0
cd96609befea,1,0,0
1f24ece527d0,1,0,0
f33d133d5da7,1,0,0
be315d88502f,1,0,0
f1ab5950dad3,1,0,0
683ddc468822,0,0,1
8c33d0cfbe48,0,0,1
8837c8f52780,1,0,0
1d42a664ee07,1,0,0
b18870658d51,1,0,0
b830448e0b64,0,0,1
892789689a71,1,0,0
f296119ee1b4,1,0,0
2b31cd9ed151,1,0,0
0fa8dc3d3b2d,1,0,0
5bb9fcb469ee,1,0,0
ea7abb53f90f,1,0,0
00967023a6d7,1,0,0
7caafe5fc5b9,0,0,1
17d262ecc0b1,0,0,1
20fbfe79313d,1,0,0
a9dab067d0ad,1,0,0
071100c9db4b,0,0,1
abaff69297d3,1,0,0
0a43202754ce,1,0,0
0869bcee4276,0,0,1
c9f9d9cac138,1,0,0
f5ac661220e9,0,0,1
642fb283fc9a,1,0,0
fcbf1c6238b2,1,0,0
dbe9de304b7f,1,0,0
8c87d014fa6f,0,0,1
0829404b8f68,1,0,0
779e49106c99,1,0,0
7f96aa038d4e,1,0,0
d3d260516a7c,1,0,0
ef63be386036,1,0,0
fbf0ae1e5d13,1,0,0
86a27756b5a9,1,0,0
f8102ce7725f,0,0,1
35ea7eadbe62,1,0,0
79304df6a87f,1,0,0
b6c537ecd03e,1,0,0
2f22ecdf45b7,0,0,1
775ed7e7ce6b,1,0,0
4990a3726d7d,1,0,0
9587fa0453ec,1,0,0
741e8b67ec47,1,0,0
cc90000ad06b,0,0,1
0f18ae6f40bd,1,0,0
ab336b035f00,0,0,1
b4a5d98130d2,1,0,0
424e6e1c8de2,1,0,0
d2900d793607,1,0,0
cfa66351ee74,1,0,0
c0d9dd389594,0,0,1
e1a13580c296,1,0,0
e5de2a410783,1,0,0
1470a7c0a009,0,0,1
04ce0251cd04,0,0,1
98b3f8ceda22,1,0,0
5afd899fc76b,0,0,1
1dfc6069f83a,1,0,0
2e1ae43b78fe,0,0,1
b02f75e7bab7,0,0,1
a9c2fb0a87f9,1,0,0
266df5b286f7,1,0,0
ab9e21e0bac4,1,0,0
bba56b23a472,1,0,0
fe84e2d408ca,0,0,1
e8dd226f80a0,1,0,0
c4ca14878f35,1,0,0
6acb51e5e6a0,1,0,0
9424e8ceeafb,0,0,1
0e56b97f0bf8,0,0,1
3b62157282aa,1,0,0
d4db49da7d24,1,0,0
29111a426aee,1,0,0
74fdc3f87477,1,0,0
4a3bcfb64f51,1,0,0
1cd1f2c4a430,1,0,0
92d483a45500,1,0,0
e30f5046abfb,1,0,0
e744fffab1a3,1,0,0
1d70462be37f,1,0,0
0e211f159311,1,0,0
57b2a6daf167,0,0,1
2f096334523d,0,0,1
2844f619663c,1,0,0
fbf679607913,1,0,0
2115de83a41d,0,0,1
5aa878b4e6ce,1,0,0
0e8d3041d4f4,1,0,0
25e491291085,0,0,1
881dc817175e,1,0,0
f93d75378e57,1,0,0
4150cb504e17,0,0,1
abedb30f87c8,0,0,1
63e54ad464f4,1,0,0
63d496a5c75a,1,0,0
b78106b72b62,1,0,0
71f27650097a,0,0,1
bc9578c525f3,0,0,1
056be1354905,1,0,0
c9db2b78b4da,1,0,0
bbee93fcb2ec,1,0,0
01658812d32b,1,0,0
756bc85b8a11,1,0,0
83d256c83397,1,0,0
a4f31ff237e4,1,0,0
f36d3944cffc,1,0,0
a4d5a36710b8,1,0,0
4fcfaf23aa56,1,0,0
eeb816d8f2bc,1,0,0
48cf1882ba15,0,0,1
5c158d5b1865,1,0,0
0b085f01d368,0,0,1
c01730fccdbd,1,0,0
497091621edd,1,0,0
ffe7efaccbb9,1,0,0
8668580afacc,1,0,0
d277adfc1685,1,0,0
e6b7dcf7ba6a,1,0,0
d766f804c9fd,0,0,1
b2834e47cf16,1,0,0
7c7bb3ec515e,1,0,0
e045ac7433b9,1,0,0
2380c789036b,1,0,0
d45f695f4621,0,0,1
053a983fba95,1,0,0
f96d098059ca,1,0,0
582d923283a7,0,0,1
4ae91a21ebda,1,0,0
844805726305,1,0,0
cef0629f4270,1,0,0
e44301c6c4a9,0,0,1
1d17f978ac75,0,0,1
4df85fe69530,1,0,0
91ab41242c86,0,0,1
ead78e37a51c,1,0,0
3a01cdba2bac,1,0,0
a3560a4f3286,1,0,0
37814946e0f0,0,0,1
e21e87360463,0,0,1
6d48542dd7a6,1,0,0
16aa3192115d,0,0,1
0eb177060df7,1,0,0
ab8cbbb95661,0,0,1
bb8cd4ddc6a4,1,0,0
fdf90ac5f3d9,0,0,1
81ade4fb5cca,1,0,0
4963a7ee6fea,0,0,1
9f6bad15a75b,0,0,1
4c70da5b89de,0,0,1
a19db0cc6e24,1,0,0
8d1b2c8e3857,1,0,0
0dc057976e8d,0,0,1
94860f3361f7,1,0,0
b38f132a86e2,0,0,1
6b542e36b6e1,1,0,0
2572dddd88ce,0,0,1
4c0f3be56e33,1,0,0
dbd4a3236006,1,0,0
14a70f7fa73b,1,0,0
50e717917318,1,0,0
a9e168212446,1,0,0
a2407b68252d,1,0,0
a004635b438e,1,0,0
2ce2fd70e0f1,1,0,0
518169319b14,1,0,0
ef3834dc2f85,0,0,1
fbe3a29a8fe0,1,0,0
2e674bb2f96c,1,0,0
c5a1fa4c8a16,0,0,1
ffb0a0633cd2,1,0,0
72be6fbac17f,1,0,0
f86348572966,1,0,0
360b78bdc9c9,1,0,0
db35ad62770e,1,0,0
4641b8ce51b8,0,0,1
22e91b27539f,1,0,0
786ec0d960bc,1,0,0
bc73e86a3c4e,0,0,1
88e82a9326b2,0,0,1
be1ad463b6bc,0,0,1
f19ff247be53,0,0,1
ea7570cd2912,1,0,0
920b2d5ba98c,1,0,0
e2255e1005af,0,0,1
6a5e2bb1f6ab,1,0,0
15983c8b81cd,0,0,1
2edd21213a2a,0,0,1
6ca0c15c06c0,0,0,1
7897167bc57b,1,0,0
c7aeaded1d78,0,0,1
78c2ff5961cb,1,0,0
bdb4921ea79c,1,0,0
20e1ebfcfbf9,0,0,1
298b85b4a912,1,0,0
57eb28c2498d,1,0,0
9f97a9ca2ca4,1,0,0
d51c3da2cd86,1,0,0
78b7d31e9753,1,0,0
0933b99a5595,1,0,0
9da2cdf2b6b8,1,0,0
9c81886d3d49,1,0,0
2071ce74e713,1,0,0
e183658ba6f1,1,0,0
ac948aa8347f,1,0,0
ff928f96c863,1,0,0
742d0cc0fdc0,1,0,0
2b4c137dd462,0,0,1
ade891040bbe,1,0,0
7da57544adad,1,0,0
e2840ecdd719,1,0,0
2ce10befc212,0,0,1
1a9b9caf288a,1,0,0
0605854f25f0,1,0,0
d9a1e4a3e19d,1,0,0
d75f07dd54ec,1,0,0
629b785d977a,1,0,0
bd786aef4e13,1,0,0
6cb0dc0c4a87,1,0,0
909fe33fe290,1,0,0
7c316cb6913f,0,0,1
a32fea2e8b32,0,0,1
7ccbfd28f3c3,0,0,1
3815ffaef5aa,1,0,0
d5716c4233fd,0,0,1
1a3a0963cd38,1,0,0
8b2c98158fd1,0,0,1
c7470e149485,1,0,0
cf25bef2ac2b,1,0,0
b691164b4499,1,0,0
5f74364b8fa4,0,0,1
9983c67ba305,1,0,0
82a99d193216,1,0,0
f35f5f58b9ce,1,0,0
f19e14c9cfda,1,0,0
71ee6ac9f7e0,1,0,0
d3bd8cc4ae97,1,0,0
2341d3b55832,1,0,0
4b7fdff12b08,1,0,0
65526b7e751a,1,0,0
6c0912ea63ba,1,0,0
9fa77b56be82,1,0,0
0263509fd719,1,0,0
4feaaa3d656f,1,0,0
ec34ee7394df,1,0,0
50b5f8846db5,1,0,0
9ac218d1fcfe,1,0,0
a7b21e8eb45b,0,0,1
785cec4397c6,0,0,1
6cad64e45a6a,1,0,0
027ea0ce3e00,1,0,0
d7da6e6840c6,0,0,1
0bdde09eba28,1,0,0
7312279f2338,1,0,0
3beb8ed6d85c,0,0,1
86560951ebf7,1,0,0
e4b7070d584a,1,0,0
a24ea8ceff2f,0,0,1
3345f2442e34,0,0,1
e03bf2df44b7,1,0,0
a3e08640891e,1,0,0
6d20446895fc,1,0,0
757535dda5f4,0,0,1
2db2e32ec2e1,1,0,0
18c176f66c4c,1,0,0
8b1fd36f28c8,1,0,0
49ed871d288a,1,0,0
9ed855d703b3,1,0,0
4005994a21bd,0,0,1
0b502703b549,1,0,0
82bd8d99483a,1,0,0
a4976db37308,1,0,0
fe7df3bcf896,0,0,1
03e660e025b3,0,0,1
45f10f5a9f4b,1,0,0
b3890c338959,0,0,1
f82b7347a106,0,0,1
56fd8391a6e9,1,0,0
d4341ec547ab,1,0,0
be38ae459742,1,0,0
b2d3618e6b24,1,0,0
598349e1ed88,1,0,0
032f245a99ad,0,0,1
12f9fc9a09ff,0,0,1
26f9b79b2a26,1,0,0
3dba4396a799,1,0,0
a96af4056d5d,1,0,0
fbf07b871839,0,0,1
cd3c74b021ca,1,0,0
801dbbe4d17a,1,0,0
ffe5280cd21d,0,0,1
bfd428ecfa56,0,0,1
7621ad198350,0,0,1
6b6574adee52,0,0,1
d17f3ce380bd,1,0,0
915dd5c6f829,1,0,0
3f50b4271d23,1,0,0
ef9f204b9d29,0,0,1
9af41a711058,1,0,0
e3348b14707e,1,0,0
5aba34e03cef,0,0,1
bdffe3dde63a,1,0,0
813a2b0e94f7,1,0,0
7113bc7c9617,0,0,1
b292c1b2a888,1,0,0
9b4d5f11aa05,1,0,0
91bd98afb71a,0,0,1
ad246a097fa6,0,0,1
cecb18c49d95,0,0,1
cf6295696faa,1,0,0
8ea1535991fb,1,0,0
bc6f1c8d1e24,1,0,0
61bc016e2612,1,0,0
4f5951daf580,0,0,1
f87b63e72800,1,0,0
8d4fb34ca852,0,0,1
1e9cbb820b18,0,0,1
2e43e1196490,1,0,0
4dfc1e477458,1,0,0
38d3c151ac4a,1,0,0
214dc155c5fc,1,0,0
157dbbe11f4f,1,0,0
0a6078202133,1,0,0
186c58866a53,1,0,0
b1e6e4c8d006,0,0,1
61fd1c364b06,0,0,1
7b525bafd231,0,0,1
004f9a1605e7,0,0,1
2d5315dd8f60,1,0,0
e1731b6c916d,0,0,1
1996f811ced3,1,0,0
d7d7072c7b45,1,0,0
fb495bf4443f,0,0,1
4cf80482fcf0,1,0,0
1386f3f5c2db,1,0,0
1ca290346593,1,0,0
ac549e4ea07c,1,0,0
7be2e1f4ee96,0,0,1
1417f4655ee3,0,0,1
380dca0b9ff7,1,0,0
fdbbca3abae4,1,0,0
12062c0531ea,1,0,0
f133b54091dc,0,0,1
24fb144aa818,1,0,0
ee0fe366fd46,1,0,0
f3b5f9a59ad6,0,0,1
c2cb6ed0a477,1,0,0
d04381c00d06,1,0,0
ede7ed5af0b3,0,0,1
fc165966840b,1,0,0
ff1401ebe49f,1,0,0
b5e8546cee09,1,0,0
1244ca5a5666,1,0,0
2018a9d15b8a,1,0,0
2ad6ba5db4b9,0,0,1
64eda19d3f61,1,0,0
3c28965c6a77,1,0,0
17527137e960,1,0,0
a98394e22f3b,1,0,0
49ffbe90fe16,1,0,0
5ee41bc7589b,1,0,0
7b2c0c0c6ff3,1,0,0
f8eb29fa3556,1,0,0
011adabde70c,1,0,0
a5f7257d5d88,0,0,1
3a9c499205de,1,0,0
7877d884e67c,0,0,1
df2168a8b8ab,1,0,0
50611cbdade4,0,0,1
a08999c3e0a8,1,0,0
81ef662614f5,1,0,0
d72cb7605432,1,0,0
831213e5b815,1,0,0
ceaf1b15cc25,1,0,0
1b91ae58e97c,1,0,0
ec22c24e5d13,1,0,0
0d1bc4db8f17,1,0,0
50d2f2d650d1,1,0,0
aa1e91ebe883,0,0,1
65031c495e0e,1,0,0
96ecac548792,0,0,1
8e2f40c7f152,1,0,0
5e555ae7293c,1,0,0
0d99a2198078,1,0,0
31f4eaf05edc,1,0,0
884a2a9e8f58,1,0,0
630f3b20f89a,1,0,0
634bbe95aa58,1,0,0
cb12b7d18fd6,0,0,1
e659e940fa38,1,0,0
31b773df8ecf,1,0,0
7fc8157e6b67,1,0,0
7bfc32f77e08,1,0,0
1ec16c0df4e8,1,0,0
51927511a250,1,0,0
4d35758ca00d,0,0,1
1c5e167ad291,1,0,0
a429acd9390f,1,0,0
c36a64c1a5cc,1,0,0
2fde91ab2431,1,0,0
a350f403177f,1,0,0
3ad36a7bc18c,1,0,0
44119ee7c7f8,1,0,0
8e2e931703b8,1,0,0
379d359c3cc3,1,0,0
bb0c399591eb,1,0,0
099baa43e7e1,1,0,0
eb8b1521d18a,1,0,0
329215dc8efb,1,0,0
1952942c4db3,0,0,1
1dcc3d602b9e,1,0,0
c4189bc2c3d3,1,0,0
5d3815c96606,1,0,0
93c8ea4b3013,1,0,0
e4a5e780409e,0,0,1
39432712f25f,1,0,0
56b2923e11ba,1,0,0
e612b6bdd6e9,1,0,0
9ee8cfca1312,0,0,1
db6de4aad53f,1,0,0
8406c8a059ed,1,0,0
eb067115e5ab,0,0,1
86765ed0739f,0,0,1
ea234fd2395d,1,0,0
5d8c052e8cdb,1,0,0
246fc93db4cf,1,0,0
83e4838bb9c6,0,0,1
6828d79b1dce,0,0,1
a65ef4139811,1,0,0
fd2962eae887,1,0,0
c757e8cc5557,1,0,0
7f6e310ef444,1,0,0
5cf1b43c64e9,1,0,0
a9f521942320,1,0,0
196de06aed5b,1,0,0
0f1d90963f0f,0,0,1
88d5adef6ed8,1,0,0
a3d2cf5acf83,1,0,0
d5e631ae770e,0,0,1
f03251482bbd,0,0,1
8669e5660b17,1,0,0
bcf22393a137,1,0,0
8f4909aea7ad,1,0,0
d6ac59872ffb,1,0,0
437d5ef0b546,1,0,0
5953351a1898,1,0,0
ab1671510bec,1,0,0
147e504371b3,0,0,1
bd24f434ca7a,0,0,1
4705029a05c1,1,0,0
06f03ad6e7ea,0,0,1
7efe91c9b5c2,1,0,0
b4c171019cf5,0,0,1
0c0dd73ee567,1,0,0
07633fd8ac5d,0,0,1
9f9211468311,1,0,0
8044be3b73ac,0,0,1
ff7234715ecb,0,0,1
b983baa688ed,1,0,0
ae79248558ca,1,0,0
966497db3501,1,0,0
ad102aca015f,1,0,0
a7de69e4c4af,1,0,0
bd9e18edd13e,1,0,0
c6de195ef9e7,1,0,0
da66efa79559,0,0,1
a43cc9c8b50b,1,0,0
15be8ef9da12,0,0,1
398bbe28ae9f,1,0,0
04d2a3f68b35,1,0,0
a632003e24b8,0,0,1
bf379170b389,0,0,1
d99db2f808eb,0,0,1
f7955e17a64b,0,0,1
256c7231269e,1,0,0
bb1b93db3368,0,0,1
8107e74df0c8,1,0,0
b2548f15f735,0,0,1
7fe38ee485c8,1,0,0
fc987fac3fcb,0,0,1
7e1d2ea7845a,1,0,0
62a7eebaeddd,1,0,0
d078c4446882,1,0,0
cf1723ef13ea,1,0,0
afdc554a8544,1,0,0
bb13d2c173b2,0,0,1
bf580f3b16fe,1,0,0
1f01142c13ce,0,0,1
3e2f7d18ca6e,1,0,0
a732f2123b67,1,0,0
b7c9198cebcd,1,0,0
a5fd36ac183b,0,0,1
067e27be1505,0,0,1
71afa4936e0e,1,0,0
cbc1dff13afa,1,0,0
3cb3ff593ebb,1,0,0
42e9593302ae,1,0,0
ec27fd6372cb,1,0,0
a24bb4faf1e0,1,0,0
d469916480e7,1,0,0
818523cba2be,0,0,1
ae5703200346,0,0,1
ab77cdfba025,1,0,0
0ac3c394df85,1,0,0
d8d1c6092063,0,0,1
ae7584e285a1,0,0,1
a2d9829f3493,0,0,1
6fcf1faf3f50,1,0,0
37be3507d81e,0,0,1
43a962dc03c0,1,0,0
92db4efebfb8,0,0,1
75f424e9b6c2,1,0,0
c076b28d18b3,1,0,0
e86704eb3158,1,0,0
871bb1bc5471,1,0,0
dcd3759abdf9,0,0,1
d0cf91dcb903,0,0,1
386c04e39942,1,0,0
a0c3f79111de,1,0,0
e1693f5aaeed,1,0,0
4cbba598a8b3,1,0,0
78ade0adfc4a,1,0,0
910b0f5ebc07,1,0,0
4ae5dda3f806,1,0,0
23464f82c005,1,0,0
b7db6da90bbd,1,0,0
c3507d5c43eb,1,0,0
96f350d8aa6d,1,0,0
0bbb2fe6057a,1,0,0
3b33e8408bba,1,0,0
b8365be71f96,0,0,1
6f6938175a51,1,0,0
019b8e02a175,1,0,0
af0fa891991a,0,0,1
8c0fe3ff97cf,1,0,0
89283670ff23,1,0,0
2e9815a53917,1,0,0
abb3bf122c31,1,0,0
52012574c2f1,0,0,1
63150fc3a16c,1,0,0
90868cba442a,0,0,1
56e6b37e8807,0,0,1
020bde243561,0,0,1
9b1375ad2890,0,0,1
de99b4ba6187,1,0,0
756facb24874,1,0,0
028a800ae986,1,0,0
98cc32917ea7,1,0,0
b892a7bec83f,1,0,0
dc586661b0c3,1,0,0
a918390e0c22,1,0,0
c12b3df34065,1,0,0
a450c0c44b0e,1,0,0
314e364c21e4,1,0,0
5ef15552bd99,0,0,1
01b3538d15d6,0,0,1
21dcd43e4f86,1,0,0
c80b8d5dbc22,0,0,1
ef6cd403e239,1,0,0
25efa47867a2,1,0,0
6ac9b23ba009,1,0,0
6e42316cc8b6,1,0,0
c8b2920ddea8,1,0,0
75b62fa72a7d,0,0,1
6e57156ed100,0,0,1
110b983c76bc,1,0,0
2b2d5a010869,0,0,1
285fa58d4af7,1,0,0
d017ac29bea8,1,0,0
68c7fab47af1,0,0,1
5f7fe5a573e8,1,0,0
3a684e0b0cea,1,0,0
3bc92a9daeb9,0,0,1
e10d268a111e,1,0,0
9508f9155962,1,0,0
0394159f41a3,1,0,0
32dd81d5b664,0,0,1
63423c3af65d,1,0,0
b9a45617cc5d,1,0,0
2f35a7d9afae,1,0,0
6e56909f2d70,1,0,0
760c20ea782e,1,0,0
ddd443eb777e,1,0,0
deed3daadf0e,1,0,0
9eb1aadd40d9,1,0,0
4d9a2b3bfae6,0,0,1
ee9caf175fd0,0,0,1
6a669e1c07c7,1,0,0
4ad6c48d0dd4,1,0,0
d80a9c9160ea,0,0,1
6c74fcde55dc,1,0,0
cd0ac16de9ba,1,0,0
fc97b3c6a5c4,0,0,1
b33e13bb19fb,1,0,0
cb57ea5f137a,0,0,1
ade5cf694f9a,1,0,0
5fee772cc7bf,0,0,1
caee29f1bb4a,0,0,1
39074f5ba4e9,1,0,0
dfe28ad81fb1,0,0,1
553a2c8efb14,1,0,0
3cf8b886e9d9,1,0,0
82e22a3f5ea8,0,0,1
c80de8bab3d9,1,0,0
ae311f2c222e,0,0,1
27f53c2857b3,1,0,0
055745e72fd5,1,0,0
e191871793e2,0,0,1
6f21c716e233,0,0,1
d40bbeaa4c51,1,0,0
4b97d8453150,1,0,0
778092c917ed,1,0,0
8b908c393cf9,0,0,1
eb3306a28a0e,1,0,0
5d36bac78c05,1,0,0
0adb20e44536,0,0,1
e7dbdaefac50,1,0,0
3fe81a126e2b,1,0,0
18e5d346c3f4,0,0,1
00681a0d8068,1,0,0
4db9ae2111d1,1,0,0
43f3a49b5ecb,1,0,0
3b9b36f8f661,1,0,0
4b1d154fda11,1,0,0
2499985356ba,0,0,1
0d18fe4da9ef,1,0,0
0b8d44d09125,1,0,0
805495a5077a,1,0,0
2311c87000fb,1,0,0
25d140e6f63d,1,0,0
ab1a02775273,1,0,0
600c63a9d095,1,0,0
6fa02f3d01dc,1,0,0
bd1678475cbf,0,0,1
5d852ec62369,1,0,0
f4c62e059c0a,1,0,0
a958a774a74e,0,0,1
7a0466fd5a8f,1,0,0
a1c06d1d459f,1,0,0
535846a06fab,1,0,0
898c6e50f784,1,0,0
8a0fa55be8f3,1,0,0
59ba0e6369a0,1,0,0
2d98d43c13e5,1,0,0
e7dc85c7afa8,0,0,1
c7273f2f36ad,1,0,0
be92079dbb86,0,0,1
c3387c5a0000,0,0,1
1898ac654891,0,0,1
98c93d32f030,1,0,0
2224fcd1688f,1,0,0
9f5f1cee5386,1,0,0
b6b597772951,1,0,0
f3293e4a6445,0,0,1
449fe9e8952e,1,0,0
ca5181c58402,1,0,0
b16995501e15,0,0,1
7826ae6f1218,0,0,1
65a7e9fe2989,1,0,0
c49c933301de,0,0,1
7ea75eeb227c,0,0,1
f6dfd2c7773f,0,0,1
05ce6aadb4d3,0,0,1
776eae6e0dfb,0,0,1
fa8e30993788,1,0,0
7d6191eb4725,1,0,0
3ff2e0fac430,1,0,0
421fbe8a7638,1,0,0
8d82c5ee0eea,1,0,0
03353286ef8f,1,0,0
c899f992826f,0,0,1
6cc79b883538,1,0,0
8d992323ff89,0,0,1
dacff0f40ab5,0,0,1
b523dbb2b803,1,0,0
9089b37767ba,1,0,0
69fb97accde4,1,0,0
07e173095c42,1,0,0
f07fe1a52270,1,0,0
50e306465dc8,0,0,1
269a8125ce41,1,0,0
f815224003e7,1,0,0
53a0ebc8cdd7,0,0,1
6543d083111e,0,0,1
766c6c2ad340,1,0,0
2eee0162af6b,1,0,0
3ee04dd6c958,1,0,0
01500f0667e8,1,0,0
56fad6b53448,0,0,1
7aa06810575f,1,0,0
d13bebec2cd9,1,0,0
150344fb8296,1,0,0
dfcafd80d55c,1,0,0
210c1c35482f,0,0,1
717f3ce62393,0,0,1
a5ecb4b9e41e,0,0,1
35d31730ee9c,0,0,1
01d7afb6c23c,1,0,0
7225e4763198,1,0,0
3aaf6210f77c,1,0,0
4e2f84275881,0,0,1
a35ab851f9e0,1,0,0
c2551418aecc,0,0,1
0f1be67dcdec,1,0,0
50ee5648653e,0,0,1
61dbadc35aec,1,0,0
eeff23483dcd,1,0,0
ab258d6f29fa,0,0,1
18850f7f011e,0,0,1
2bab32188b8f,1,0,0
75c572159734,0,0,1
929912d2b288,1,0,0
5aeac634a82a,0,0,1
e3240752be0a,1,0,0
199e872af666,1,0,0
8c20212d550c,1,0,0
0abadd5e627d,0,0,1
c6d2f99db032,0,0,1
cd6b1507c1d3,0,0,1
5d31fd294495,1,0,0
45e9fcf5c596,1,0,0
4f633567e835,0,0,1
59a84495c659,1,0,0
d1459947b1e7,0,0,1
a3210bcfccf3,1,0,0
0aff7696fff1,1,0,0
359fcf25898a,1,0,0
3578ec39ac8a,1,0,0
529aae43ceae,1,0,0
c6fdc08007f3,1,0,0
d5fdc9bda8f9,1,0,0
0c728924c7cc,1,0,0
e1134f64ffc8,0,0,1
a0dae39798bd,1,0,0
80581ef9c399,1,0,0
f17d04c717e8,1,0,0
6605ad5da875,1,0,0
018b5097a129,0,0,1
f10987adee30,1,0,0
f0c0c2ff6927,0,0,1
b012165f24e6,1,0,0
c2f8d4af0db7,1,0,0
47f2033ab5d9,1,0,0
f85b6304bb5d,1,0,0
4d91bf365580,1,0,0
e45ca3e81a0d,1,0,0
831c6f4ade52,1,0,0
19cc83ced61d,0,0,1
d582d0f74156,1,0,0
fd704f682e67,0,0,1
ad7eadcc4610,0,0,1
a45542ef5621,1,0,0
1d622afbdd6e,1,0,0
9d292b620241,1,0,0
b6059da42f5f,1,0,0
d58f654838e6,1,0,0
b910b1fd5a07,1,0,0
11d79469b0a7,0,0,1
b0acc4af597c,1,0,0
9c98628cce7b,1,0,0
4d4b4cb406df,1,0,0
8ff02de17b0b,1,0,0
da94de6eb02a,1,0,0
175dff1e7d4b,1,0,0
7bc305f0b4b3,1,0,0
fa8b8cde099c,0,0,1
b1d931941230,1,0,0
71a76dc9d55c,1,0,0
4f7f6fb345d1,1,0,0
7b6d0ed0fbb4,1,0,0
355ecc9cfd8f,1,0,0
a498202a5519,1,0,0
4d3bf7e01129,1,0,0
1bfc276a5443,1,0,0
2c6fdba3c58d,1,0,0
a91936449411,0,0,1
9f18d8f784e9,1,0,0
55710d94115f,1,0,0
440369a3f602,1,0,0
5068fbd759e2,0,0,1
e2337d2a867e,0,0,1
fc5d1b6d6d38,1,0,0
8b3c9f40ce4a,1,0,0
da9663dda9a6,0,0,1
bd29902d6860,1,0,0
b28cfc6db06b,0,0,1
433de9f48203,0,0,1
98d27756ad46,1,0,0
791c9c9594ea,1,0,0
3ffd4352275a,1,0,0
94b827e0848b,0,0,1
709f72563199,1,0,0
ccdc0ced0e35,1,0,0
f673adb91a15,1,0,0
57ba9d7933dd,1,0,0
c527b8799e90,1,0,0
53dfc5f7c81c,0,0,1
a46e50eff332,1,0,0
76dff805a6ef,0,0,1
9c5ac31b9dd6,0,0,1
bd729e62ed3d,0,0,1
d3f252fda67d,0,0,1
db36fb0e9362,0,0,1
08e9793b0871,1,0,0
b0c693937a62,1,0,0
b3b257835d70,0,0,1
498f30cfb913,1,0,0
d0c0961de87b,0,0,1
72ad6a56f14a,0,0,1
539ba15a6061,0,0,1
1ae77d9e4573,1,0,0
52c81350cd08,1,0,0
7d70fc41f912,0,0,1
371a916d0aa7,1,0,0
442feb8d6672,1,0,0
f46de8d316dc,1,0,0
b9c310a22473,1,0,0
e38b906e0af0,0,0,1
50b6969c0aa6,0,0,1
68e00edca978,1,0,0
d8c3f1ac50f3,1,0,0
8ad9097d9d8d,1,0,0
09d0506e51e2,1,0,0
0f26e42f847e,1,0,0
d179d032324b,1,0,0
1b6fe7163ff7,1,0,0
e1c185d233e6,1,0,0
19bc9b9dd53a,0,0,1
aec6b0220398,1,0,0
01796cd8f2cd,1,0,0
396494573e34,1,0,0
fbf3be6963d2,1,0,0
00c38669b4fd,0,0,1
cdc4ce03759e,0,0,1
9d9280dc0c92,0,0,1
41b64c07797e,0,0,1
eb8de139497d,1,0,0
06574e2a2fc5,1,0,0
09166cc339d4,1,0,0
a27ad4829fe5,1,0,0
cd3b3178979a,0,0,1
a496cb573a3d,1,0,0
e216e7ab0664,1,0,0
9fa36ad4d1c9,1,0,0
8cb26f8530fe,1,0,0
28020e79ceaf,1,0,0
9f46272d032a,1,0,0
6c4653683ce4,1,0,0
4e2cbc713b3a,1,0,0
5e41a4403134,1,0,0
2023297e09cc,1,0,0
4cbd0e1695c3,0,0,1
e7f0e0205c89,1,0,0
2504891763ea,1,0,0
ad2ae0bd3ca6,1,0,0
b7472b5760f1,1,0,0
904e256f5194,1,0,0
ba776f6ba060,1,0,0
7c52aad95f0b,1,0,0
65f8fc2e3d46,1,0,0
8db8c571c33a,0,0,1
ec3e283ad950,0,0,1
a8d8e8b64dc9,0,0,1
43b3ab9e99ac,0,0,1
aa81da44edec,1,0,0
f619898f9d6d,1,0,0
6a5fc7f8bcb7,1,0,0
f675fb5a6737,1,0,0
e0608d446b7a,1,0,0
575c7b9b0880,1,0,0
a1b178434080,1,0,0
31ba4c3608af,0,0,1
7042591174e4,1,0,0
f777d15bbd8b,1,0,0
d119b9df7300,0,0,1
9728d68f807c,0,0,1
fc131d9d4873,0,0,1
092674452f36,1,0,0
051e5b98c59f,0,0,1
ae67abd33579,1,0,0
3acbb4e48651,0,0,1
6fc74b0b1a60,0,0,1
9f03e1e55791,0,0,1
c28cc9d37986,1,0,0
d3546f345ae9,0,0,1
74b8a49158cb,1,0,0
9f1f853da397,0,0,1
708a4b13eb78,1,0,0
f6ac5c53433c,1,0,0
b6c0777ce6a7,0,0,1
1c9231c79657,0,0,1
a33de9666a19,0,0,1
192456f87491,1,0,0
bd9eae5501d7,0,0,1
e8a06b903f44,1,0,0
87ae51884c00,1,0,0
5e15e52de36c,1,0,0
f27cae7815a6,1,0,0
a572bd15545d,1,0,0
be4dd6ae70ef,1,0,0
d87cd69ba8aa,0,0,1
722cef1f45a9,1,0,0
1845daea9d9c,1,0,0
890dfc777a27,0,0,1
d03b4218aaf0,1,0,0
af1841c5ec5b,1,0,0
8e0bea44a8f3,0,0,1
a54746e65833,0,0,1
1342936e108d,1,0,0
c80a9226799d,1,0,0
ada92f4ebb11,1,0,0
37a78c50098a,1,0,0
4a837d53dbf7,1,0,0
ac91bb99c6a3,0,0,1
09be933fb776,1,0,0
a3d777c2adcb,1,0,0
9d207fe72fa4,1,0,0
84b8ac0519c2,1,0,0
181853f3f693,1,0,0
3509afe592f4,1,0,0
b3daf6cd1e22,1,0,0
c54ed30698a0,0,0,1
2b89d4528e2d,1,0,0
07da7e5392d7,1,0,0
296fe745b1a5,1,0,0
0fc9bbe02c1a,0,0,1
3ac389cdf95d,1,0,0
cf03bf20c5e6,1,0,0
da066b39592a,0,0,1
7946ce43ac50,1,0,0
c5c0c910a174,1,0,0
7bbfe13f7d65,1,0,0
e4cdb9567040,1,0,0
45e27d27f3f7,1,0,0
0dfbda69a529,1,0,0
7bf4cb8ee55d,1,0,0
4dd819ba20c5,0,0,1
ac45b47801cd,1,0,0
89a199b96c0a,1,0,0
0832e8272380,1,0,0
341884adfe58,0,0,1
a0439da6a0f8,0,0,1
00511e94edec,1,0,0
04fcfaa78be9,0,0,1
95adc348b8c3,1,0,0
24971136730d,1,0,0
005df0f53614,1,0,0
6a20d63ff83e,0,0,1
4c8a89bb85f2,1,0,0
101dd035a6dc,1,0,0
59243549ea97,0,0,1
11c32b546f5b,0,0,1
c0571783294e,0,0,1
617181e49a16,0,0,1
d5e115692f92,1,0,0
807bced0fe1e,0,0,1
87b42f03d90a,1,0,0
ee01fd380c13,1,0,0
e1d220a53a69,0,0,1
e1caf9350133,0,0,1
aa14d7323882,1,0,0
dccd8ad83683,0,0,1
a936a0f4083d,0,0,1
96306bea8990,0,0,1
6e969f5e140e,1,0,0
8220e2a5aa82,1,0,0
3223f42aadbf,1,0,0
c491048eefd2,1,0,0
7e5c20954c05,1,0,0
07bd8cc56850,0,0,1
d35a0d0f5293,0,0,1
629aeeaea00a,1,0,0
d131245af838,0,0,1
105532ef27db,1,0,0
03ff66b1cc11,0,0,1
e54e5e49f911,1,0,0
afd515cd6b01,0,0,1
b8bc7716a290,1,0,0
29b4e7186780,1,0,0
08dbe4d5f4f5,0,0,1
b3aa71a35bea,1,0,0
6a9cce4269d1,1,0,0
d33ac85e4073,1,0,0
a94b7baaa8c5,1,0,0
d133479314fa,1,0,0
d38c89839196,1,0,0
b00b4a6e97c3,1,0,0
259707585fda,1,0,0
8c217452a40b,1,0,0
e25c8cf6bc40,1,0,0
d89134b89685,0,0,1
cd2314d459c2,1,0,0
9756825bcd1b,0,0,1
4c85614d8b9e,0,0,1
8b8d22735b8c,1,0,0
559c4d1eb467,1,0,0
55d755906d91,0,0,1
48cc3d9129b1,1,0,0
71bfaa30e37c,1,0,0
bb9e9186c546,1,0,0
1b99b857b4d3,1,0,0
b31bd4d54e91,0,0,1
01ab604d3171,1,0,0
24e70378db40,1,0,0
28e2b8e90680,0,0,1
3ace309166ff,1,0,0
0339d309cbd8,1,0,0
33a12351d10f,1,0,0
1652f936ad22,1,0,0
dcbec76e4c1a,1,0,0
6c45df39411a,1,0,0
df6fb0c21dbc,1,0,0
3248c9f12ba4,1,0,0
ae7e6d53367d,1,0,0
6c87580fe973,0,0,1
57a8f1286d38,0,0,1
19629f6063b5,0,0,1
02e1866a18c2,0,0,1
075873adcef4,1,0,0
5a51a8d97d43,1,0,0
602f757df4fe,0,0,1
cfa69cd28346,1,0,0
9da1b74b8221,1,0,0
958589fe665e,1,0,0
5ccb159f5114,0,0,1
a8a3199be40c,1,0,0
289a1a844ac8,0,0,1
78eb403aa8fe,0,0,1
dcb6d01456a4,1,0,0
308bfc542e28,1,0,0
7e07590072cc,1,0,0
c7cd2d31a785,1,0,0
03d1b4b7c9fa,1,0,0
e9e937b26ab9,0,0,1
35db031f014d,1,0,0
062f2689fde2,1,0,0
35b92c08b8a5,1,0,0
a1b136fa8d31,0,0,1
14d104422120,1,0,0
923883fff999,1,0,0
1b3abcfd34b4,0,0,1
4a68cb8ce5f2,0,0,1
a498ce69ad07,1,0,0
aa4e8b79cf10,0,0,1
c477a761f497,1,0,0
3e4956b7c4d6,1,0,0
b58bf48b0b8c,1,0,0
de2942da12ff,1,0,0
02a838f1d081,1,0,0
b6cf1ec003f9,1,0,0
0e429ff3a5a7,1,0,0
7c80d285b957,1,0,0
b137329f3136,0,0,1
040fc6c587be,1,0,0
a0926c708d30,1,0,0
ca9267e91f97,1,0,0
bc90ab51d306,1,0,0
099e40f80b1a,0,0,1
41e9a9377f25,1,0,0
b76f750ed0fb,1,0,0
b36d9324daec,0,0,1
3e3543059658,1,0,0
2a9f1a50949a,1,0,0
549434f4bafa,1,0,0
c112468a9eba,1,0,0
0b94c9bf1b08,1,0,0
1235dbfe09d5,1,0,0
71a09866a547,1,0,0
abcbc1b5a359,1,0,0
22c5152fd61c,0,0,1
734625bbe9c5,1,0,0
b494fc249dce,0,0,1
718fc6aeb113,1,0,0
f90d25ca8c89,0,0,1
b4de1e1739d9,1,0,0
217748d80c1c,1,0,0
b2f24d840e3f,1,0,0
2d8739bb255f,0,0,1
ff3dd9e4bbce,1,0,0
e8e549358fa4,1,0,0
9ed002b26ea9,1,0,0
3e63b184b8a4,0,0,1
1d9c63467c6c,1,0,0
10d2b6185b8d,1,0,0
dc48b54f4124,1,0,0
a9d657c41044,1,0,0
13c8e2f84c9c,0,0,1
3f4fa55af48c,0,0,1
b63a373f18b8,0,0,1
219e1feb8d5f,1,0,0
35ef4e834e57,1,0,0
1238c91d6310,1,0,0
b975f5d8d90e,1,0,0
84e494d67539,0,0,1
b442d1cdcb03,0,0,1
b038af34e15f,1,0,0
ddfa1d1c4745,1,0,0
f888036388de,0,0,1
e8db3b3f5c79,0,0,1
22ef84fbd0f2,1,0,0
7c33d6fc9adb,1,0,0
3a2948ecb454,1,0,0
ccc88e93158a,1,0,0
ddcd4deceb98,1,0,0
ae463fa7ac85,0,0,1
a2cb767857c0,1,0,0
628044c3a98a,1,0,0
05655a3371fa,1,0,0
cee3a19a17ea,1,0,0
7bcf5f7da5f8,1,0,0
a222d1937991,0,0,1
8dab7007a628,0,0,1
aaec83ad1b11,1,0,0
24e95d6fa91c,1,0,0
281eb2b42203,1,0,0
1eed474be61f,1,0,0
1d60b04972dd,1,0,0
ff04dc75c180,1,0,0
b4fc4d26ba45,1,0,0
8a215a226d93,1,0,0
f527c0b5fb75,0,0,1
37a01ba21d32,0,0,1
69b2d52c9396,0,0,1
03f13b8cf68b,1,0,0
46080863e81a,0,0,1
ea67f2eea145,0,0,1
d23238c38034,1,0,0
6affd71d6350,1,0,0
0fc52604136e,1,0,0
b8e945fdd1ba,1,0,0
1c6f131d5cc5,1,0,0
9c7624a8205b,1,0,0
d78b691a4e47,1,0,0
f620513ea916,1,0,0
dbcc0e386892,1,0,0
e327fbf2dcbb,1,0,0
00ba4c616c15,1,0,0
a574ba062ef2,1,0,0
9dd76fe7b0bf,1,0,0
39158acfae2e,0,0,1
12ae50d4de99,0,0,1
8908a43f25cf,1,0,0
1db49a64b46b,1,0,0
857861790faf,1,0,0
4cd025307c88,1,0,0
ad73ce4936db,0,0,1
cd0b7c2d6b35,1,0,0
683326ca429d,1,0,0
a59f1699552c,0,0,1
3c56b54a0cd4,1,0,0
02873a298396,0,0,1
4717b2624b36,1,0,0
2a55e66248df,1,0,0
d59e06713944,1,0,0
74a04c47cd6c,0,0,1
605021b2a541,1,0,0
55e4c2a85ccb,1,0,0
1c6acc0e6964,0,0,1
35b96ff619f9,1,0,0
1b2119082f2c,1,0,0
4f64ef084d64,1,0,0
72e60dca85a2,1,0,0
567c4a53a6f9,0,0,1
24b4c5a95b4b,1,0,0
76b746fb1f26,1,0,0
de12726cc450,1,0,0
82f5a530a532,1,0,0
6aa9bbf9c5ed,1,0,0
b0fe3c697852,0,0,1
8365fdc72795,0,0,1
db00b91864ac,1,0,0
6a7893a95949,0,0,1
90692134b24c,1,0,0
6a888712ab0a,1,0,0
ed546c6cafb8,1,0,0
054383da7552,0,0,1
62b8c3ce74c1,1,0,0
434152ce5540,1,0,0
9f0fb6cb0ecd,0,0,1
bb67c929a604,1,0,0
deb0b6e4d988,1,0,0
b179595f0524,1,0,0
093560ddb89e,1,0,0
5faa220cac2a,1,0,0
4d33ed4cc6cd,1,0,0
4d0627827505,1,0,0
43fb78806d64,1,0,0
811536b2b1b5,0,0,1
66dc6bf4fb34,1,0,0
26f82c3c8072,0,0,1
fd06e114baff,1,0,0
cc7b2dac20b0,1,0,0
aa7d73cd910d,0,0,1
a77f71ac8733,0,0,1
75dcaa644a61,1,0,0
4a0188458f64,1,0,0
44599a900366,0,0,1
f9f3500d4e13,1,0,0
8eda0dc4f434,0,0,1
da44d9185969,0,0,1
fd56103a75e1,1,0,0
d5ce27ace7e4,1,0,0
34d7aee17732,1,0,0
0c11eb6d7af8,1,0,0
027cdf65feca,1,0,0
f52f636ef7e1,0,0,1
39b0e45e4814,1,0,0
05f7f4dc543f,1,0,0
fc2bf881f4dd,1,0,0
661bcf3decd2,1,0,0
dac880973fe8,1,0,0
9d1c1cc8eeb1,1,0,0
6126caad659f,1,0,0
71102f3b0631,0,0,1
0f26d2025ae5,1,0,0
27c23d5ec70e,1,0,0
8e9a6ab0068b,1,0,0
26434e06adc5,1,0,0
d8615e965879,1,0,0
9f28b4ea1bb1,0,0,1
760f1ecadf7e,1,0,0
8036479efea4,0,0,1
cb531616a96c,0,0,1
e743bf846bbc,1,0,0
b0111c191621,1,0,0
81fa679d79d5,0,0,1
671a05e18984,0,0,1
7852da887f54,1,0,0
bb16f3dd726c,0,0,1
de15cffdf493,1,0,0
8e30f6f9a199,1,0,0
6529e394d99d,1,0,0
8221a917b1ec,0,0,1
4e5e65303833,1,0,0
3d66245a1865,1,0,0
106e431a1456,0,0,1
3b57b522bb00,1,0,0
ffb066f2944c,1,0,0
6131e82813d7,1,0,0
da409c38de3a,0,0,1
d011319b9865,1,0,0
66596a221533,1,0,0
593f1a8360b3,1,0,0
b5673ed9da29,1,0,0
58c3b6f069f3,1,0,0
626bddce7e3d,1,0,0
7e33e21b0800,1,0,0
d1e3830db220,1,0,0
496103ff22a8,0,0,1
0a4d7c9fa082,1,0,0
fb9b494baace,0,0,1
45f464935743,1,0,0
3a2f384fe9c1,0,0,1
f552cc99de30,1,0,0
137f78c21d75,1,0,0
050656e839da,0,0,1
1e0813af85a1,1,0,0
d81f18d5314f,0,0,1
bbb8a353faa2,1,0,0
ef79ebda04d2,1,0,0
1e393c5dd32f,1,0,0
740b2e648ae0,1,0,0
d4b0363b49e4,0,0,1
a2e22cea2eb4,0,0,1
2ff7b5ae4247,1,0,0
b1f287ec8ce0,1,0,0
6d91aeac821e,1,0,0
9c428e7b4d3f,1,0,0
4759cb57161e,1,0,0
f936a23abaf1,1,0,0
c5780a762ff0,1,0,0
82ecf25b988b,1,0,0
02372090b912,1,0,0
d6e101a92c70,1,0,0
b454b0818c07,1,0,0
fb86440bd85f,0,0,1
501cf57467ad,1,0,0
84b137d5a696,0,0,1
5e5c4351e5dc,0,0,1
bcee4d8e7d2a,1,0,0
a21c7292da53,0,0,1
3619818a93ab,0,0,1
3b2827da2851,1,0,0
1f87d7705934,0,0,1
800c91ad1161,1,0,0
8bc04c1a5852,1,0,0
440dd2140bff,1,0,0
31c19d53266f,1,0,0
07e6f2f216c5,1,0,0
202112d5b0bf,1,0,0
897762fb16d3,1,0,0
fb7eaeb21f64,1,0,0
05d94be01548,1,0,0
b07a6557dc6f,1,0,0
3dca9f7a9513,1,0,0
89a82c0aa5fa,1,0,0
00c56dd61b33,1,0,0
cfdd8ebb33ff,0,0,1
14f3b5773b8b,1,0,0
5952d94a0927,1,0,0
6490189acd1d,0,0,1
79fe80dc909b,1,0,0
ef88b5836ec6,0,0,1
ef7a6656d2ba,1,0,0
e5d290033e3c,0,0,1
84844cf318b3,1,0,0
ceff046d0144,0,0,1
da7b8a991532,0,0,1
8f9648dab660,0,0,1
4604902705aa,0,0,1
ba1583263ac8,1,0,0
4a14cc5857fe,0,0,1
26114af3a901,0,0,1
c35ab85961a6,1,0,0
97cdf3de6de2,1,0,0
195524fda4f7,0,0,1
27faf3480b2a,1,0,0
72b5a8bf6777,0,0,1
541e7e1f77bb,1,0,0
f0b0b4140611,1,0,0
f01c03ea5855,0,0,1
97cb295fb0e8,1,0,0
980feaeaf088,0,0,1
afb7251797b0,0,0,1
1b11ceb137ac,1,0,0
f4b30d6e69ee,0,0,1
6fbfcd01013a,1,0,0
8a9098d091f9,0,0,1
2b268afcc23b,1,0,0
cb87d6066220,1,0,0
d284bf6b9e03,1,0,0
d6720a177355,1,0,0
bed139162afd,1,0,0
684f084b206d,1,0,0
f1aa1d2e9714,1,0,0
4e8f1636c512,1,0,0
972968fe122a,1,0,0
b438b6212ba3,1,0,0
539bf380a7b3,0,0,1
5b56f08898d1,0,0,1
e24785556a9b,1,0,0
51d459654ecc,1,0,0
8e663efb9f32,0,0,1
0af5610bf683,1,0,0
edc54d1d8380,1,0,0
2dd55afd801a,1,0,0
7c5025e16318,1,0,0
38ab2e637c49,1,0,0
66b5e1199c99,1,0,0
4a1d349d2c06,0,0,1
25c1ccda3126,1,0,0
2b902586a205,0,0,1
5fe3023c2122,1,0,0
5e2608127652,1,0,0
27dcc8dae0ca,1,0,0
33406254a9f8,1,0,0
daa86dec7b3d,1,0,0
8d6ffcca4264,1,0,0
53df0b9f17de,0,0,1
a4898f3dc5b2,0,0,1
60cad399aa04,1,0,0
f03743c2432e,1,0,0
082c2d65bb65,0,0,1
3c5fd9c92057,1,0,0
eb65207fcdee,1,0,0
a92e764c42d5,1,0,0
5a7e1494c25f,1,0,0
9b319ddf9771,1,0,0
4463260ea386,1,0,0
0857e733f5da,0,0,1
354810f5fedc,0,0,1
e857f4ccb670,0,0,1
e3a3a06ddc1f,1,0,0
fafc261006e2,1,0,0
336631eee64b,1,0,0
1bf70fb88ad5,1,0,0
13f188f3bf15,0,0,1
02e163a2841b,1,0,0
5160d8aab815,1,0,0
4826d80cec60,0,0,1
3fc906016bdd,1,0,0
67745b6d43eb,0,0,1
5ea1e4378c10,0,0,1
005a0dbcb4b7,1,0,0
86962a74dd53,0,0,1
c46ea88b778e,1,0,0
d3c57ab3a8d2,1,0,0
5a245a786914,1,0,0
453b5c80357e,0,0,1
36d399b4f9b8,1,0,0
9207155f9a72,0,0,1
c7d59b326354,0,0,1
c875f4641252,0,0,1
b91105f7749a,1,0,0
6084c6a6f176,0,0,1
2d2a7a67fb44,1,0,0
02f48c5b1ee5,1,0,0
4610db0aae36,0,0,1
a9cf321c2c87,0,0,1
9c651010dd70,1,0,0
44fc59f62050,0,0,1
5ded77d0b813,1,0,0
626a5f7ca695,1,0,0
d63b52e9486b,1,0,0
a324fece74ac,1,0,0
4fbad9fa89dc,1,0,0
1ea596369d36,1,0,0
d967ac194e59,0,0,1
c975b0d1c818,1,0,0
016074c9499f,1,0,0
374cab06e4c8,1,0,0
02268b741641,1,0,0
f283f6461c26,0,0,1
28dfab836c91,1,0,0
d0b2cbcee438,1,0,0
4ca899e96b8d,1,0,0
9e243b3e3f56,1,0,0
a1d02b323caf,1,0,0
2a0a63e7a266,0,0,1
90f0cc616eb4,1,0,0
faf36041c825,1,0,0
120890c1c87a,1,0,0
40438abbc0df,0,0,1
77e410ae8371,1,0,0
d78eba22d7c5,0,0,1
0aff06f2d406,1,0,0
8f78066eaf6e,0,0,1
326bd6b1d2c5,0,0,1
f6bd126cd9e2,1,0,0
728e7aba04e9,1,0,0
2cdfb2359d9b,1,0,0
fb1be37abe2a,1,0,0
95d8e905178f,1,0,0
9bd49819fd5e,0,0,1
af7169914fad,1,0,0
08f99ee20545,0,0,1
fe7dd2dbc2a2,1,0,0
ab3080483237,0,0,1
5060115c64b9,0,0,1
fdd5123d24ec,1,0,0
0dbb2b7a584f,1,0,0
5f976ee978a5,1,0,0
51783333e748,1,0,0
38497d0f63ca,0,0,1
311beb3ccbd9,0,0,1
0cc5974bc2e7,1,0,0
1650a2144158,0,0,1
d810150f65b1,0,0,1
ec3fa4d54fce,0,0,1
5894d0324852,1,0,0
f1982acb1ccf,0,0,1
f6e3b695e470,1,0,0
d9b553e847e5,1,0,0
59622b7531e7,0,0,1
d6d2e98ad3a8,1,0,0
b9e4048359a4,1,0,0
69d999ecba81,0,0,1
013358b540bb,1,0,0
fe86fddba87a,1,0,0
2ae02df04421,0,0,1
355728e65e95,1,0,0
e50100bd0713,1,0,0
e88537baf51e,0,0,1
7f1f2ae827d7,1,0,0
4eee6f2789bc,1,0,0
c5ca3861840b,1,0,0
41f2a333b1c2,1,0,0
0fcfc7295c28,0,0,1
aff50b4f9a25,1,0,0
99f01dad15a4,0,0,1
d3400687848f,0,0,1
fcc425424356,1,0,0
c02362c2ef41,0,0,1
b09eaad2e75a,0,0,1
904fdf6f6a61,1,0,0
572fabd12073,0,0,1
24a6d736b142,1,0,0
4e62963bbd74,1,0,0
fe56bada27ee,1,0,0
33ae3f9e57fd,0,0,1
ecc0b49f6d9b,1,0,0
676c4a162f7a,1,0,0
613ca76fb42e,1,0,0
782b1561904a,0,0,1
e605e805df96,1,0,0
80b6c4560bfc,1,0,0
fa0068e91d45,0,0,1
6e36aa85ebaf,1,0,0
f5d0055a2234,0,0,1
87768ae7e9de,1,0,0
0b64c632fb13,1,0,0
90cd80093e37,0,0,1
4e7558f1725a,1,0,0
f98a43936f2d,1,0,0
48751351bffb,0,0,1
a400b3dafb56,1,0,0
a1825e2bf137,1,0,0
b97475805217,0,0,1
0688a21e9d47,1,0,0
f23977a7ca62,1,0,0
d95c014c7deb,1,0,0
128c1edbef54,0,0,1
070209050c30,1,0,0
7a8805457d19,1,0,0
7a2a798feec1,1,0,0
8bb7f579e600,1,0,0
2e918ce182eb,1,0,0
327ac97a09c1,1,0,0
90665b2a421f,1,0,0
b1656a41c42e,1,0,0
b93551a50a04,1,0,0
1eeab11aa952,1,0,0
610f15a869cc,0,0,1
bdfbc30fe0db,1,0,0
8ed86f44355b,0,0,1
aea4580bc79d,1,0,0
f3bc2d421c1b,0,0,1
233cbc840568,0,0,1
c32b6b2ccf25,1,0,0
716fcb08fba0,0,0,1
ae4f84f6fafb,1,0,0
48a408c167d5,1,0,0
f9e209d0e679,1,0,0
323526c9fcc1,0,0,1
cc5a60f5de59,1,0,0
ec371324fc6d,1,0,0
986b30b45605,1,0,0
1346256ea0e8,1,0,0
8a615505524b,1,0,0
79f8f25d0109,0,0,1
b92c08feef1f,0,0,1
a8bed20c978e,1,0,0
d66bcf165cdd,1,0,0
9a3c48aac1f5,1,0,0
33cf357b5cf7,0,0,1
cb505c336b11,1,0,0
dbd1490b349f,0,0,1
f291126b784a,0,0,1
a782e49211db,0,0,1
25c79c3a5909,0,0,1
9e5e9d2fed9a,1,0,0
937ffa67fccb,1,0,0
0a99f55b17b4,1,0,0
816515a69705,0,0,1
a9dd0369c684,1,0,0
745c8cc2d8fa,1,0,0
d069bbf0f618,1,0,0
fb5b36b5e04a,0,0,1
355861934641,1,0,0
9938617fd104,1,0,0
d5ac396b0355,1,0,0
0d503fb32948,0,0,1
60814af0beeb,1,0,0
314b5c309cde,1,0,0
b8aaea9c772b,0,0,1
a4828b5ceb95,1,0,0
0e1df18b8d9d,1,0,0
c58b3c328469,0,0,1
1582f93da0bb,1,0,0
3eaa5bf61d97,0,0,1
1eb03c956682,1,0,0
089021e6fffb,1,0,0
0e3ef1c4fdf1,1,0,0
45115e176f98,1,0,0
c2682c543f50,1,0,0
79fcc618a8b8,1,0,0
9358ddf0b423,1,0,0
905c0d74d18a,1,0,0
faa5ecffa39f,1,0,0
90f4bfe47f93,0,0,1
f957f5d266c6,0,0,1
610562e29150,1,0,0
8d22f76ce016,1,0,0
cf385eb5811d,1,0,0
95de2f0ee3c0,0,0,1
461660239ee5,1,0,0
863fa8f6d3ed,1,0,0
bf0609baed7b,1,0,0
33e5b140f030,1,0,0
004b06506f54,1,0,0
b5f31b42dd87,0,0,1
3842f261b40a,0,0,1
8aad4d650a05,0,0,1
6d3047646584,1,0,0
f4f2515721f7,1,0,0
d3ade12d89c8,1,0,0
8039556fd705,1,0,0
9f15ad8770dc,1,0,0
5f6e4481894c,1,0,0
f84962e0a80c,0,0,1
89b3c87726d4,1,0,0
aa8757c69150,0,0,1
358b568ada38,1,0,0
373528f4777d,0,0,1
6aac3a04c71b,1,0,0
17e20bcab8ef,1,0,0
347e654e6f08,0,0,1
79573128396d,1,0,0
7d1149b00134,0,0,1
39302ed98db2,1,0,0
6ca59c32be41,1,0,0
96c9cb503537,0,0,1
4fc501e07c65,1,0,0
e2490ca47a86,1,0,0
e2ba8a43c0c6,0,0,1
6ed441d54e0d,0,0,1
76da7cdc478d,0,0,1
77cb3ce3328d,0,0,1
bce096bbd6f0,0,0,1
7e93390c83d6,1,0,0
ada8ea3ca937,1,0,0
80f20e53135b,0,0,1
8d5e27a287fc,0,0,1
730ccd946153,1,0,0
fa89a8f2e88e,1,0,0
fbc461d2e251,1,0,0
8b2314428bc5,1,0,0
57b6b317db7f,1,0,0
41d63a87e4c4,1,0,0
e3c8e9cc53bc,1,0,0
86dca67116dd,0,0,1
dc44c1a5eb1c,0,0,1
e7f9a2c2dc69,0,0,1
de8ec3ba8f82,0,0,1
9c0af222440c,0,0,1
925b90cc91ff,1,0,0
63535e02efef,0,0,1
da32bfe67dd2,1,0,0
58689e9d220d,0,0,1
2a6cd3e22ca6,1,0,0
8e57bbe54055,0,0,1
ef52a6d70d92,1,0,0
fc3478a521b2,1,0,0
d74822a8d716,1,0,0
95cc4be08d5b,0,0,1
a43a36cc8792,0,0,1
065a2c345f07,1,0,0
54bc1ee8034c,1,0,0
2c0c742a6be6,1,0,0
eed0580206b6,1,0,0
46e614d66734,0,0,1
7d8ca72d4df6,0,0,1
a14b4761c6a3,1,0,0
56b11429a3aa,1,0,0
0e83a0d6516b,1,0,0
1df1a7041801,1,0,0
f3a692c30117,1,0,0
4736e965e8a0,1,0,0
1e9c082b91dc,1,0,0
f1369b25c5c5,1,0,0
f751cd1dd4cb,0,0,1
55b50b97c929,1,0,0
e386c3e5dafe,1,0,0
7da1bcea7e8a,0,0,1
e18d101c081d,1,0,0
4f093c06f440,1,0,0
8499d0b009d0,0,0,1
ec394fb8fc85,1,0,0
a242f96dd2a0,1,0,0
e8395f871e43,1,0,0
b49c94386854,0,0,1
428719afae21,1,0,0
95357491434c,1,0,0
d09c1895a837,1,0,0
26bdea9b0779,1,0,0
3ffee5b89f9d,1,0,0
9f96688b6650,0,0,1
0e2e6e79971c,1,0,0
b78ef5612f25,1,0,0
b0b1469341db,1,0,0
c02ccbf7b023,0,0,1
998019b1e1f9,0,0,1
1cdfc1f4a361,1,0,0
c674e3114758,1,0,0
202195300884,0,0,1
906826f4e11e,0,0,1
1de539a67a3b,1,0,0
dfdfea0f8042,1,0,0
804fc273a3ab,1,0,0
619256c21a39,1,0,0
7e7e467d0217,1,0,0
e3f9e7edd667,1,0,0
ac9350709953,0,0,1
60e4d814c23c,1,0,0
742709ea1056,1,0,0
d9e4480cfd98,1,0,0
03fe9fa78df9,1,0,0
af49177695f0,0,0,1
6341f8557b37,1,0,0
25e4a253562e,1,0,0
1ced052a8b36,1,0,0
bcd48aa10710,0,0,1
3e78a6ac7bc1,1,0,0
beb0a44fe3b2,1,0,0
4141ea55950b,1,0,0
5a1ed84026ca,1,0,0
488d48a66cda,1,0,0
196818309a7a,1,0,0
ebe1e0c0ee38,1,0,0
c71bebfc2e25,1,0,0
5439a942116c,1,0,0
6c0d329553a7,1,0,0
2352e610538e,0,0,1
43495bfbf478,1,0,0
c4bcb3112065,1,0,0
51cea7a1eda6,1,0,0
a9c5e0a7b9de,0,0,1
0e3afc276c91,1,0,0
0b6c80c8453a,1,0,0
8570b584fff8,1,0,0
ec52d25c5ff2,1,0,0
d04532c6aa9f,1,0,0
386eaf52f2bd,1,0,0
7ebf1562b08d,1,0,0
5ecd407c9843,1,0,0
dda580cc44f3,1,0,0
5505f5ff1c0f,1,0,0
860c2ffdc859,0,0,1
a71cd7b16faa,1,0,0
bdd91a60fafd,0,0,1
021b180c5113,1,0,0
3fedd30c80af,0,0,1
d9187117188a,1,0,0
7d02ffc147ce,1,0,0
7630a50aef78,1,0,0
b414e0ac7cec,0,0,1
73f36184eb31,1,0,0
dd8c6bdf21a9,0,0,1
f1b5e0433476,1,0,0
add62587c8b5,1,0,0
11ad82767437,1,0,0
af3cb74a547f,1,0,0
c8a4dd1bc9c1,1,0,0
304c8048085b,0,0,1
cf6311397367,1,0,0
6ddcd39d32b6,1,0,0
bb011751c2c6,1,0,0
f7dc547cb4b2,0,0,1
af90b2b8f05b,1,0,0
342bb8369d0d,1,0,0
80e5ad7d5c73,1,0,0
f70a25ba030a,1,0,0
6b68eb125518,0,0,1
a269a41642f7,0,0,1
2bd689f31b73,1,0,0
e88187620dfe,1,0,0
0dbb199062b7,0,0,1
9ac35ede8178,0,0,1
5011fc552393,1,0,0
e98f521e361e,0,0,1
ae44d0cf3ad9,0,0,1
d9610cc2626a,1,0,0
5a8c9a50239b,0,0,1
24e7e2adc04a,1,0,0
f88b06189108,0,0,1
3d3ed4298acc,1,0,0
c303bd79c566,1,0,0
0172ef21e2bf,1,0,0
2382afb374e1,1,0,0
63952fa89399,1,0,0
c567baf6b10e,1,0,0
4e69e92b42f9,0,0,1
66e5c33a2a85,1,0,0
cf4f3f9cb70d,0,0,1
f4b91620f376,1,0,0
7ff26cfc2952,1,0,0
cc11ee2ffd74,0,0,1
3eeb4249fab2,0,0,1
8f542b007c57,1,0,0
09259de2747f,0,0,1
f9eaf30fb91b,1,0,0
b3c9e8272eff,0,0,1
7d6b6a5ab143,1,0,0
18f453687fcc,1,0,0
6946c2fff125,1,0,0
2475af558627,1,0,0
b6b0aedfe156,0,0,1
8ad09cc96b65,1,0,0
5b994c90d617,1,0,0
5ecf30d6e1cd,1,0,0
6d5eb832a58f,1,0,0
46a0d99d0b7e,1,0,0
